Timestamp,SensorID,SequenceNumber,TotalLength,SourceAddress,TempHumiRange,TempHumiStatus,TempHumiEvent,TempHumiSenVal,XSenEvent,XOAVelocity,XPeakmg,XRMSmg,XKurtosis,XCrestFactor,XSkewness,XDeviation,XPeaktoPeakDisplacement,YSenEvent,YOAVelocity,YPeakmg,YRMSmg,YKurtosis,YCrestFactor,YSkewness,YDeviation,YPeaktoPeakDisplacement,ZSenEvent,ZOAVelocity,ZPeakmg,ZRMSmg,ZKurtosis,ZCrestFactor,ZSkewness,ZDeviation,ZPeaktoPeakDisplacement,LogIndex,DeviceEvents,DevicePowerSrc,DeviceBatteryVolt,DeviceTime
1701648281532,sensor-4,34,88,null,0,0,0,51000,0,9,7,5,3,356,2,17,1,0,9,7,5,0,0,0,0,0,0,21,21,15,0,0,0,0,0,0,0,2,3493,1567555226
1701649181711,sensor-4,35,88,null,0,0,0,50687,0,7,7,5,7,352,-5,16,1,0,8,8,6,0,0,0,0,0,0,22,22,16,0,0,0,0,0,0,0,2,3493,1567556127
1701650081015,sensor-4,36,88,null,0,0,0,50312,0,7,7,5,12,172,2,15,1,0,10,7,5,0,0,0,0,0,0,25,19,14,0,0,0,0,0,0,0,2,3493,1567557026
1701650980883,sensor-4,37,88,null,0,0,0,50062,0,8,7,5,1,54,5,15,1,0,10,7,5,0,0,0,0,0,0,25,19,14,0,0,0,0,0,0,0,2,3493,1567557926
1701651881087,sensor-4,38,88,null,0,0,0,49312,0,16,31,22,7,116,-3,67,1,0,18,43,31,0,0,0,0,0,0,70,149,106,0,0,0,0,0,0,0,2,3493,1567558826
1701652781185,sensor-4,39,88,null,0,0,0,48812,0,17,45,32,-5,476,0,109,1,0,22,56,40,0,0,0,0,0,0,97,217,154,0,0,0,0,0,0,0,2,3493,1567559726
1701653681216,sensor-4,40,88,null,0,0,0,48625,0,18,41,29,1,109,-1,106,3,0,18,55,39,0,0,0,0,0,0,75,207,147,0,0,0,0,0,0,0,2,3493,1567560626
1701654581146,sensor-4,41,88,null,0,0,0,49000,0,16,26,19,287,180,-4,56,2,0,19,42,30,0,0,0,0,0,0,76,176,125,0,0,0,0,0,0,0,2,3493,1567561526
1701655481118,sensor-4,42,88,null,0,0,0,49125,0,15,28,20,7,9,0,53,1,0,20,45,32,0,0,0,0,0,0,79,165,117,0,0,0,0,0,0,0,2,3493,1567562426
1701656380953,sensor-4,43,88,null,0,0,0,49312,0,14,26,19,2,157,0,51,2,0,18,41,29,0,0,0,0,0,0,67,151,107,0,0,0,0,0,0,0,2,3493,1567563326
1701657281247,sensor-4,44,88,null,0,0,0,49312,0,7,7,5,-10,242,2,20,1,0,8,7,5,0,0,0,0,0,0,16,24,17,0,0,0,0,0,0,0,2,3493,1567564226
1701658181325,sensor-4,45,88,null,0,0,0,49187,0,7,7,5,-5,500,-1,18,1,0,8,7,5,0,0,0,0,0,0,20,18,13,0,0,0,0,0,0,0,2,3493,1567565126
1701659081341,sensor-4,46,88,null,0,0,0,48125,0,7,7,5,-17,343,6,17,1,0,9,7,5,0,0,0,0,0,0,21,19,14,0,0,0,0,0,0,0,2,3493,1567566026
1701659981452,sensor-4,47,88,null,0,0,0,46937,0,10,7,5,-11,1302,-2,17,1,0,8,7,5,0,0,0,0,0,0,24,16,12,0,0,0,0,0,0,0,2,3493,1567566926
1701660881485,sensor-4,48,88,null,0,0,0,45875,0,9,7,5,-12,481,0,16,2,0,10,7,5,0,0,0,0,0,0,18,16,12,0,0,0,0,0,0,0,2,3493,1567567827
1701661780536,sensor-4,49,88,null,0,0,0,44937,0,8,7,5,-7,334,1,19,1,0,8,7,5,0,0,0,0,0,0,23,18,13,0,0,0,0,0,0,0,2,3493,1567568726
1701662680431,sensor-4,50,88,null,0,0,0,44062,0,8,7,5,-21,488,0,18,1,0,9,7,5,0,0,0,0,0,0,23,16,12,0,0,0,0,0,0,0,2,3493,1567569626
1701663580324,sensor-4,51,88,null,0,0,0,43375,0,8,7,5,-13,34,4,17,1,0,8,7,5,0,0,0,0,0,0,23,16,12,0,0,0,0,0,0,0,2,3493,1567570526
1701664480455,sensor-4,52,88,null,0,0,0,42750,0,9,7,5,-8,197,0,16,2,0,9,8,6,0,0,0,0,0,0,24,18,13,0,0,0,0,0,0,0,2,3493,1567571426
1701665380512,sensor-4,53,88,null,0,0,0,42062,0,8,7,5,3,56,4,17,1,0,10,8,6,0,0,0,0,0,0,22,18,13,0,0,0,0,0,0,0,2,3493,1567572326
1701666280733,sensor-4,54,88,null,0,0,0,41375,0,6,7,5,-4,186,4,17,1,0,9,8,6,0,0,0,0,0,0,20,19,14,0,0,0,0,0,0,0,2,3493,1567573226
1701667180673,sensor-4,55,88,null,0,0,0,41000,0,8,7,5,20,314,4,15,1,0,9,7,5,0,0,0,0,0,0,22,18,13,0,0,0,0,0,0,0,2,3493,1567574126
1701668081887,sensor-4,56,88,null,0,0,0,41000,0,7,7,5,98,76,-5,16,1,0,9,7,5,0,0,0,0,0,0,21,18,13,0,0,0,0,0,0,0,2,3493,1567575026
1701668980672,sensor-4,57,88,null,0,0,0,40750,0,8,5,4,5,262,0,13,2,0,9,7,5,0,0,0,0,0,0,22,18,13,0,0,0,0,0,0,0,2,3493,1567575926
1701669880952,sensor-4,58,88,null,0,0,0,40250,0,8,7,5,1,213,4,15,2,0,11,8,6,0,0,0,0,0,0,22,18,13,0,0,0,0,0,0,0,2,3493,1567576826
1701670780791,sensor-4,59,88,null,0,0,0,39812,0,8,5,4,10,238,0,16,2,0,10,7,5,0,0,0,0,0,0,22,15,11,0,0,0,0,0,0,0,2,3493,1567577726
1701671680618,sensor-4,60,88,null,0,0,0,39500,0,5,7,5,19,254,2,21,1,0,17,8,6,0,0,0,0,0,0,23,21,15,0,0,0,0,0,0,0,2,3493,1567578626
1701672582297,sensor-4,61,88,null,0,0,0,40125,0,6,5,4,-8,99,0,8,1,0,8,7,5,0,0,0,0,0,0,7,12,9,0,0,0,0,0,0,0,2,3493,1567579527
1701673479490,sensor-4,62,88,null,0,0,0,40187,0,5,5,4,-5,102,0,8,1,0,6,7,5,0,0,0,0,0,0,9,12,9,0,0,0,0,0,0,0,2,3493,1567580426
1701674379822,sensor-4,63,88,null,0,0,0,39812,0,7,5,4,-9,364,2,8,2,0,6,5,4,0,0,0,0,0,0,9,11,8,0,0,0,0,0,0,0,2,3493,1567581326
1701675279830,sensor-4,64,88,null,0,0,0,39312,0,5,5,4,-7,106,0,8,1,0,4,5,4,0,0,0,0,0,0,7,11,8,0,0,0,0,0,0,0,2,3493,1567582226
1701676179972,sensor-4,65,88,null,0,0,0,38812,0,7,5,4,0,43,6,8,2,0,5,5,4,0,0,0,0,0,0,6,12,9,0,0,0,0,0,0,0,2,3493,1567583126
1701677080123,sensor-4,66,88,null,0,0,0,38312,0,6,5,4,0,39,7,8,1,0,7,5,4,0,0,0,0,0,0,6,14,10,0,0,0,0,0,0,0,2,3493,1567584026
1701677980961,sensor-4,67,88,null,0,0,0,37875,0,4,5,4,-1,42,-1,8,0,0,7,5,4,0,0,0,0,0,0,8,11,8,0,0,0,0,0,0,0,2,3493,1567584926
1701678880235,sensor-4,68,88,null,0,0,0,37437,0,7,5,4,8,506,-1,8,1,0,6,5,4,0,0,0,0,0,0,7,11,8,0,0,0,0,0,0,0,2,3493,1567585826
1701679779913,sensor-4,69,88,null,0,0,0,37062,0,7,5,4,1,124,5,8,1,0,7,5,4,0,0,0,0,0,0,6,11,8,0,0,0,0,0,0,0,2,3493,1567586726
1701680680106,sensor-4,70,88,null,0,0,0,36750,0,7,7,5,12,18,-2,16,1,0,13,8,6,0,0,0,0,0,0,18,18,13,0,0,0,0,0,0,0,2,3493,1567587626
1701681580151,sensor-4,71,88,null,0,0,0,36812,0,10,7,5,51,474,-2,17,2,0,7,7,5,0,0,0,0,0,0,17,16,12,0,0,0,0,0,0,0,2,3493,1567588526
1701682480354,sensor-4,72,88,null,0,0,0,36812,0,7,7,5,11,678,2,17,1,0,13,8,6,0,0,0,0,0,0,17,16,12,0,0,0,0,0,0,0,2,3493,1567589426
1701683380032,sensor-4,73,88,null,0,0,0,36937,0,5,5,4,46,518,-1,15,1,0,13,8,6,0,0,0,0,0,0,18,15,11,0,0,0,0,0,0,0,2,3493,1567590326
1701684280007,sensor-4,74,88,null,0,0,0,37562,0,18,33,24,0,141,-1,83,2,0,24,52,37,0,0,0,0,0,0,87,166,118,0,0,0,0,0,0,0,2,3493,1567591227
1701685179352,sensor-4,75,88,null,0,0,0,38937,0,15,33,24,16,442,-8,73,1,0,17,42,30,0,0,0,0,0,0,61,145,103,0,0,0,0,0,0,0,2,3493,1567592126
1701686079020,sensor-4,76,88,null,0,0,0,40250,0,16,32,23,38,647,-5,72,2,0,20,49,35,0,0,0,0,0,0,65,164,116,0,0,0,0,0,0,0,2,3493,1567593026
1701686979296,sensor-4,77,88,null,0,0,0,41687,0,16,35,25,158,1669,0,79,1,0,18,49,35,0,0,0,0,0,0,66,171,121,0,0,0,0,0,0,0,2,3493,1567593926
1701687879511,sensor-4,78,88,null,0,0,0,43000,0,19,41,29,74,39,-6,81,1,0,20,49,35,0,0,0,0,0,0,61,169,120,0,0,0,0,0,0,0,2,3493,1567594826
1701688779322,sensor-4,79,88,null,0,0,0,43562,0,9,7,5,-31,324,-3,19,1,0,10,7,5,0,0,0,0,0,0,17,19,14,0,0,0,0,0,0,0,2,3493,1567595726
1701689679327,sensor-4,80,88,null,0,0,0,43312,0,9,7,5,-24,420,2,19,1,0,8,7,5,0,0,0,0,0,0,18,19,14,0,0,0,0,0,0,0,2,3493,1567596626
1701690579449,sensor-4,81,88,null,0,0,0,42687,0,9,7,5,-3,71,-2,17,1,0,9,7,5,0,0,0,0,0,0,17,18,13,0,0,0,0,0,0,0,2,3493,1567597526
1701691479556,sensor-4,82,88,null,0,0,0,42062,0,6,7,5,-9,135,5,18,1,0,14,9,7,0,0,0,0,0,0,17,16,12,0,0,0,0,0,0,0,2,3493,1567598426
1701692379666,sensor-4,83,88,null,0,0,0,41562,0,8,7,5,-4,579,0,18,2,0,9,8,6,0,0,0,0,0,0,18,18,13,0,0,0,0,0,0,0,2,3493,1567599326
1701693279330,sensor-4,84,88,null,0,0,0,41062,0,8,7,5,-2,216,-5,17,2,0,10,8,6,0,0,0,0,0,0,17,18,13,0,0,0,0,0,0,0,2,3493,1567600226
1701694179690,sensor-4,85,88,null,0,0,0,40562,0,9,7,5,24,784,4,15,1,0,9,7,5,0,0,0,0,0,0,18,16,12,0,0,0,0,0,0,0,2,3493,1567601126
1701695079808,sensor-4,86,88,null,0,0,0,40125,0,8,7,5,0,110,3,16,2,0,10,8,6,0,0,0,0,0,0,19,16,12,0,0,0,0,0,0,0,2,3493,1567602026
1701695979598,sensor-4,87,88,null,0,0,0,39750,0,6,7,5,8,18,-2,16,1,0,8,7,5,0,0,0,0,0,0,16,19,14,0,0,0,0,0,0,0,2,3493,1567602927
1701696878755,sensor-4,88,88,null,0,0,0,39375,0,8,7,5,7,75,0,17,2,0,10,8,6,0,0,0,0,0,0,17,18,13,0,0,0,0,0,0,0,2,3493,1567603826
1701697778632,sensor-4,89,88,null,0,0,0,39062,0,7,7,5,19,560,-2,16,1,0,8,8,6,0,0,0,0,0,0,17,18,13,0,0,0,0,0,0,0,2,3493,1567604726
1701698678934,sensor-4,90,88,null,0,0,0,38812,0,7,7,5,5,497,2,17,1,0,9,7,5,0,0,0,0,0,0,18,18,13,0,0,0,0,0,0,0,2,3493,1567605626
1701699578865,sensor-4,91,88,null,0,0,0,38562,0,9,7,5,59,247,4,16,1,0,8,7,5,0,0,0,0,0,0,18,16,12,0,0,0,0,0,0,0,2,3493,1567606526
1701700479020,sensor-4,92,88,null,0,0,0,38250,0,8,7,5,8,38,-1,14,2,0,9,7,5,0,0,0,0,0,0,18,16,12,0,0,0,0,0,0,0,2,3493,1567607426
1701701378808,sensor-4,93,88,null,0,0,0,38062,0,7,7,5,13,250,3,15,2,0,10,7,5,0,0,0,0,0,0,17,16,12,0,0,0,0,0,0,0,2,3493,1567608326
1701702279253,sensor-4,94,88,null,0,0,0,37750,0,6,7,5,30,268,2,15,1,0,10,8,6,0,0,0,0,0,0,16,18,13,0,0,0,0,0,0,0,2,3493,1567609226
1701703179179,sensor-4,95,88,null,0,0,0,37625,0,7,7,5,43,75,12,14,1,0,7,7,5,0,0,0,0,0,0,19,16,12,0,0,0,0,0,0,0,2,3493,1567610126
1701704079131,sensor-4,96,88,null,0,0,0,37375,0,8,5,4,14,158,-1,14,2,0,9,8,6,0,0,0,0,0,0,16,16,12,0,0,0,0,0,0,0,2,3493,1567611026
1701704979099,sensor-4,97,88,null,0,0,0,37187,0,7,7,5,53,354,9,17,1,0,10,7,5,0,0,0,0,0,0,15,16,12,0,0,0,0,0,0,0,2,3493,1567611926
1701705878853,sensor-4,98,88,null,0,0,0,36937,0,7,5,4,35,0,8,16,1,0,10,7,5,0,0,0,0,0,0,17,18,13,0,0,0,0,0,0,0,2,3493,1567612826
1701706778805,sensor-4,99,88,null,0,0,0,36750,0,6,5,4,-1,218,9,15,1,0,10,7,5,0,0,0,0,0,0,18,16,12,0,0,0,0,0,0,0,2,3493,1567613727
1701707678095,sensor-4,100,88,null,0,0,0,36562,0,6,7,5,47,587,5,15,1,0,10,7,5,0,0,0,0,0,0,18,16,12,0,0,0,0,0,0,0,2,3493,1567614626
1701708578232,sensor-4,101,88,null,0,0,0,36375,0,7,7,5,9,235,8,14,1,0,9,7,5,0,0,0,0,0,0,18,15,11,0,0,0,0,0,0,0,2,3493,1567615526
1701709478337,sensor-4,102,88,null,0,0,0,36250,0,8,7,5,41,58,-2,15,2,0,9,7,5,0,0,0,0,0,0,18,18,13,0,0,0,0,0,0,0,2,3493,1567616426
1701710377922,sensor-4,103,88,null,0,0,0,36062,0,6,7,5,64,262,8,15,1,0,10,7,5,0,0,0,0,0,0,18,16,12,0,0,0,0,0,0,0,2,3493,1567617326
1701711278328,sensor-4,104,88,null,0,0,0,35937,0,6,7,5,13,77,7,14,1,0,9,7,5,0,0,0,0,0,0,14,16,12,0,0,0,0,0,0,0,2,3493,1567618226
1701712178110,sensor-4,105,88,null,0,0,0,35875,0,7,7,5,16,18,9,14,1,0,10,8,6,0,0,0,0,0,0,18,18,13,0,0,0,0,0,0,0,2,3493,1567619126
1701713078110,sensor-4,106,88,null,0,0,0,35812,0,8,7,5,56,267,13,14,1,0,8,7,5,0,0,0,0,0,0,17,16,12,0,0,0,0,0,0,0,2,3493,1567620026
1701713978244,sensor-4,107,88,null,0,0,0,35687,0,8,7,5,12,156,1,14,2,0,8,7,5,0,0,0,0,0,0,18,18,13,0,0,0,0,0,0,0,2,3493,1567620926
1701714878022,sensor-4,108,88,null,0,0,0,35625,0,9,7,5,-5,94,0,14,2,0,11,7,5,0,0,0,0,0,0,21,18,13,0,0,0,0,0,0,0,2,3493,1567621826
1701715778512,sensor-4,109,88,null,0,0,0,35437,0,6,7,5,62,150,0,15,1,0,9,7,5,0,0,0,0,0,0,20,16,12,0,0,0,0,0,0,0,2,3493,1567622726
1701716678340,sensor-4,110,88,null,0,0,0,35375,0,7,7,5,40,130,2,16,1,0,10,7,5,0,0,0,0,0,0,16,19,14,0,0,0,0,0,0,0,2,3493,1567623626
1701717578446,sensor-4,111,88,null,0,0,0,35375,0,8,7,5,22,37,2,17,1,0,8,7,5,0,0,0,0,0,0,19,16,12,0,0,0,0,0,0,0,2,3493,1567624526
1701718478479,sensor-4,112,88,null,0,0,0,35250,0,9,7,5,11,170,3,14,1,0,7,7,5,0,0,0,0,0,0,16,16,12,0,0,0,0,0,0,0,2,3493,1567625427
1701719378462,sensor-4,113,88,null,0,0,0,35250,0,11,7,5,16,237,4,15,3,0,8,7,5,0,0,0,0,0,0,17,16,12,0,0,0,0,0,0,0,2,3493,1567626327
1701720277253,sensor-4,114,88,null,0,0,0,35125,0,7,7,5,3,77,11,14,1,0,13,8,6,0,0,0,0,0,0,17,18,13,0,0,0,0,0,0,0,2,3493,1567627226
1701721177362,sensor-4,115,88,null,0,0,0,35125,0,8,7,5,-8,334,0,15,1,0,7,7,5,0,0,0,0,0,0,18,18,13,0,0,0,0,0,0,0,2,3493,1567628126
1701722077764,sensor-4,116,88,null,0,0,0,35000,0,9,7,5,48,0,3,15,1,0,11,7,5,0,0,0,0,0,0,19,18,13,0,0,0,0,0,0,0,2,3493,1567629026
1701722977726,sensor-4,117,88,null,0,0,0,34937,0,7,7,5,15,0,6,14,1,0,8,7,5,0,0,0,0,0,0,18,16,12,0,0,0,0,0,0,0,2,3493,1567629926
1701723877541,sensor-4,118,88,null,0,0,0,34937,0,10,7,5,48,489,1,14,2,0,11,8,6,0,0,0,0,0,0,18,18,13,0,0,0,0,0,0,0,2,3493,1567630826
1701724777779,sensor-4,119,88,null,0,0,0,34875,0,7,7,5,9,578,4,14,0,0,11,7,5,0,0,0,0,0,0,20,18,13,0,0,0,0,0,0,0,2,3493,1567631726
1701725677685,sensor-4,120,88,null,0,0,0,34812,0,7,5,4,18,100,7,15,2,0,12,7,5,0,0,0,0,0,0,18,16,12,0,0,0,0,0,0,0,2,3493,1567632626
1701726577472,sensor-4,121,88,null,0,0,0,34812,0,9,7,5,22,202,2,14,1,0,10,7,5,0,0,0,0,0,0,18,16,12,0,0,0,0,0,0,0,2,3493,1567633526
1701727477592,sensor-4,122,88,null,0,0,0,34750,0,10,7,5,3,71,7,14,2,0,8,7,5,0,0,0,0,0,0,18,19,14,0,0,0,0,0,0,0,2,3493,1567634426
1701728377578,sensor-4,123,88,null,0,0,0,34687,0,8,7,5,28,167,-3,15,2,0,8,7,5,0,0,0,0,0,0,17,19,14,0,0,0,0,0,0,0,2,3493,1567635326
1701729277836,sensor-4,124,88,null,0,0,0,34687,0,7,5,4,13,98,0,13,1,0,9,7,5,0,0,0,0,0,0,18,18,13,0,0,0,0,0,0,0,2,3493,1567636226
1701730177556,sensor-4,125,88,null,0,0,0,34625,0,6,7,5,17,96,5,14,1,0,9,7,5,0,0,0,0,0,0,17,16,12,0,0,0,0,0,0,0,2,3493,1567637126
1701731077440,sensor-4,126,88,null,0,0,0,34562,0,10,7,5,23,19,3,15,3,0,10,7,5,0,0,0,0,0,0,18,18,13,0,0,0,0,0,0,0,2,3493,1567638027
1701731976513,sensor-4,127,88,null,0,0,0,34562,0,7,7,5,-1,154,4,14,1,0,9,7,5,0,0,0,0,0,0,17,16,12,0,0,0,0,0,0,0,2,3493,1567638926
1701732876767,sensor-4,128,88,null,0,0,0,34437,0,9,7,5,6,218,0,15,2,0,9,7,5,0,0,0,0,0,0,19,18,13,0,0,0,0,0,0,0,2,3493,1567639826
1701733776832,sensor-4,129,88,null,0,0,0,34312,0,8,7,5,44,73,-8,15,1,0,10,7,5,0,0,0,0,0,0,21,18,13,0,0,0,0,0,0,0,2,3493,1567640726
1701734676732,sensor-4,130,88,null,0,0,0,34312,0,7,7,5,14,0,-2,14,1,0,10,7,5,0,0,0,0,0,0,17,18,13,0,0,0,0,0,0,0,2,3493,1567641626
1701735576623,sensor-4,131,88,null,0,0,0,34250,0,7,7,5,7,95,-3,14,1,0,8,7,5,0,0,0,0,0,0,18,18,13,0,0,0,0,0,0,0,2,3493,1567642526
1701736476656,sensor-4,132,88,null,0,0,0,34187,0,8,7,5,51,18,15,16,2,0,9,8,6,0,0,0,0,0,0,18,18,13,0,0,0,0,0,0,0,2,3493,1567643426
1701737376807,sensor-4,133,88,null,0,0,0,34125,0,6,7,5,33,332,2,14,1,0,11,7,5,0,0,0,0,0,0,18,18,13,0,0,0,0,0,0,0,2,3493,1567644326
1701738276766,sensor-4,134,88,null,0,0,0,34125,0,7,7,5,23,505,10,14,1,0,10,7,5,0,0,0,0,0,0,19,16,12,0,0,0,0,0,0,0,2,3493,1567645226
1701739176928,sensor-4,135,88,null,0,0,0,34000,0,7,5,4,11,837,4,14,1,0,9,7,5,0,0,0,0,0,0,19,16,12,0,0,0,0,0,0,0,2,3493,1567646126
1701740076695,sensor-4,136,88,null,0,0,0,34000,0,8,5,4,12,120,3,14,2,0,9,7,5,0,0,0,0,0,0,18,18,13,0,0,0,0,0,0,0,2,3493,1567647026
1701740976966,sensor-4,137,88,null,0,0,0,34062,0,7,5,4,9,101,8,14,1,0,10,7,5,0,0,0,0,0,0,16,16,12,0,0,0,0,0,0,0,2,3493,1567647926
1701741877301,sensor-4,138,88,null,0,0,0,34000,0,7,7,5,71,473,3,16,1,0,9,8,6,0,0,0,0,0,0,16,16,12,0,0,0,0,0,0,0,2,3493,1567648826
1701742777095,sensor-4,139,88,null,0,0,0,34000,0,8,7,5,14,207,4,14,2,0,10,7,5,0,0,0,0,0,0,18,18,13,0,0,0,0,0,0,0,2,3493,1567649727
1701743676577,sensor-4,140,88,null,0,0,0,34062,0,8,5,4,12,99,-1,14,1,0,9,7,5,0,0,0,0,0,0,18,16,12,0,0,0,0,0,0,0,2,3493,1567650626
1701744575528,sensor-4,141,88,null,0,0,0,34062,0,8,5,4,11,20,0,15,2,0,7,7,5,0,0,0,0,0,0,16,16,12,0,0,0,0,0,0,0,2,3493,1567651526
1701745475977,sensor-4,142,88,null,0,0,0,34187,0,35,65,46,10,279,0,131,2,0,27,74,53,0,0,0,0,0,0,83,230,163,0,0,0,0,0,0,0,2,3493,1567652426
1701746375976,sensor-4,143,88,null,0,0,0,35437,0,17,41,29,65,419,0,122,2,0,21,60,43,0,0,0,0,0,0,76,229,162,0,0,0,0,0,0,0,2,3493,1567653326
1701747276125,sensor-4,144,88,null,0,0,0,36937,0,19,45,32,84,2010,0,111,1,0,20,62,44,0,0,0,0,0,0,76,231,164,0,0,0,0,0,0,0,2,3493,1567654226
1701748176235,sensor-4,145,88,null,0,0,0,38812,0,18,43,31,269,331,-4,134,2,0,23,65,46,0,0,0,0,0,0,89,230,163,0,0,0,0,0,0,0,2,3493,1567655126
1701749076209,sensor-4,146,88,null,0,0,0,40062,0,21,46,33,97,1524,-2,108,3,0,22,57,41,0,0,0,0,0,0,78,212,150,0,0,0,0,0,0,0,2,3493,1567656026
1701749976409,sensor-4,147,88,null,0,0,0,41500,0,21,46,33,87,220,0,113,1,0,23,56,40,0,0,0,0,0,0,90,209,148,0,0,0,0,0,0,0,2,3493,1567656926
1701750876097,sensor-4,148,88,null,0,0,0,42437,0,26,55,39,148,310,-7,117,2,0,21,62,44,0,0,0,0,0,0,80,233,165,0,0,0,0,0,0,0,2,3493,1567657826
1701751776357,sensor-4,149,88,null,0,0,0,43437,0,25,50,36,64,365,-1,114,1,0,22,62,44,0,0,0,0,0,0,89,226,160,0,0,0,0,0,0,0,2,3493,1567658726
1701752676208,sensor-4,150,88,null,0,0,0,44687,0,20,45,32,22,702,0,104,1,0,22,63,45,0,0,0,0,0,0,91,224,159,0,0,0,0,0,0,0,2,3493,1567659626
1701753576242,sensor-4,151,88,null,0,0,0,45687,0,20,45,32,47,972,0,111,3,0,21,65,46,0,0,0,0,0,0,80,238,169,0,0,0,0,0,0,0,2,3493,1567660527
1701754475606,sensor-4,152,88,null,0,0,0,46562,0,20,48,34,67,40,-11,108,1,0,22,62,44,0,0,0,0,0,0,78,230,163,0,0,0,0,0,0,0,2,3493,1567661426
1701755375259,sensor-4,153,88,null,0,0,0,47375,0,27,55,39,3,204,-2,108,2,0,21,60,43,0,0,0,0,0,0,78,229,162,0,0,0,0,0,0,0,2,3493,1567662326
1701756275568,sensor-4,154,88,null,0,0,0,47625,0,7,7,5,9,469,-3,21,1,0,9,8,6,0,0,0,0,0,0,20,24,17,0,0,0,0,0,0,0,2,3493,1567663226
1701757175419,sensor-4,155,88,null,0,0,0,46812,0,8,7,5,-7,276,-4,20,1,0,8,8,6,0,0,0,0,0,0,19,24,17,0,0,0,0,0,0,0,2,3493,1567664126
1701758075455,sensor-4,156,88,null,0,0,0,46562,0,19,41,29,13,50,-3,97,1,0,23,60,43,0,0,0,0,0,0,80,206,146,0,0,0,0,0,0,0,2,3493,1567665026
1701758975646,sensor-4,157,88,null,0,0,0,47000,0,9,7,5,6,454,6,19,1,0,8,8,6,0,0,0,0,0,0,17,24,17,0,0,0,0,0,0,0,2,3493,1567665926
1701759875742,sensor-4,158,88,null,0,0,0,47500,0,18,45,32,22,1347,0,103,1,0,21,56,40,0,0,0,0,0,0,77,203,144,0,0,0,0,0,0,0,2,3493,1567666826
1701760775534,sensor-4,159,88,null,0,0,0,47937,0,19,45,32,31,285,-1,108,1,0,20,59,42,0,0,0,0,0,0,76,226,160,0,0,0,0,0,0,0,2,3493,1567667726
1701761675492,sensor-4,160,88,null,0,0,0,48375,0,18,46,33,-7,108,-10,103,2,0,21,57,41,0,0,0,0,0,0,79,212,150,0,0,0,0,0,0,0,2,3493,1567668626
1701762575658,sensor-4,161,88,null,0,0,0,49000,0,19,45,32,65,68,-5,107,2,0,22,57,41,0,0,0,0,0,0,81,234,166,0,0,0,0,0,0,0,2,3493,1567669526
1701763475892,sensor-4,162,88,null,0,0,0,49500,0,18,43,31,17,224,-2,104,2,0,23,57,41,0,0,0,0,0,0,79,202,143,0,0,0,0,0,0,0,2,3493,1567670426
1701764375751,sensor-4,163,88,null,0,0,0,49687,0,19,46,33,38,11,0,105,2,0,22,63,45,0,0,0,0,0,0,78,234,166,0,0,0,0,0,0,0,2,3493,1567671326
1701765276050,sensor-4,164,88,null,0,0,0,49937,0,17,41,29,53,174,-5,103,2,0,22,60,43,0,0,0,0,0,0,73,206,146,0,0,0,0,0,0,0,2,3493,1567672226
1701766175804,sensor-4,165,88,null,0,0,0,50187,0,18,42,30,17,57,-6,100,1,0,21,59,42,0,0,0,0,0,0,70,199,141,0,0,0,0,0,0,0,2,3493,1567673127
1701767075531,sensor-4,166,88,null,0,0,0,50375,0,18,42,30,2,634,-9,101,2,0,23,59,42,0,0,0,0,0,0,87,212,150,0,0,0,0,0,0,0,2,3493,1567674026
1701767974978,sensor-4,167,88,null,0,0,0,50500,0,17,41,29,52,789,-5,101,2,0,24,60,43,0,0,0,0,0,0,76,203,144,0,0,0,0,0,0,0,2,3493,1567674926
1701768874686,sensor-4,168,88,null,0,0,0,50750,0,19,45,32,4,165,-5,102,2,0,22,56,40,0,0,0,0,0,0,89,203,144,0,0,0,0,0,0,0,2,3493,1567675826
1701769774772,sensor-4,169,88,null,0,0,0,50750,0,20,42,30,10,300,-1,98,2,0,21,55,39,0,0,0,0,0,0,85,197,140,0,0,0,0,0,0,0,2,3493,1567676726
1701770675238,sensor-4,170,88,null,0,0,0,50875,0,16,41,29,11,435,2,96,2,0,22,56,40,0,0,0,0,0,0,76,209,148,0,0,0,0,0,0,0,2,3493,1567677626
1701771574786,sensor-4,171,88,null,0,0,0,51125,0,17,43,31,5,246,-3,94,2,0,21,56,40,0,0,0,0,0,0,68,192,136,0,0,0,0,0,0,0,2,3493,1567678526
1701772475134,sensor-4,172,88,null,0,0,0,51437,0,17,39,28,0,373,-1,95,2,0,22,55,39,0,0,0,0,0,0,80,199,141,0,0,0,0,0,0,0,2,3493,1567679426
1701773375284,sensor-4,173,88,null,0,0,0,51500,0,18,39,28,0,549,-1,96,1,0,21,56,40,0,0,0,0,0,0,80,207,147,0,0,0,0,0,0,0,2,3493,1567680326
1701774275246,sensor-4,174,88,null,0,0,0,51687,0,7,7,5,15,247,-4,18,1,0,12,8,6,0,0,0,0,0,0,21,24,17,0,0,0,0,0,0,0,2,3493,1567681226
1701775175245,sensor-4,175,88,null,0,0,0,51750,0,16,36,26,23,93,-7,72,2,0,20,50,36,0,0,0,0,0,0,66,173,123,0,0,0,0,0,0,0,2,3493,1567682126
1701776075203,sensor-4,176,88,null,0,0,0,51812,0,12,25,18,62,314,1,52,1,0,15,33,24,0,0,0,0,0,0,58,131,93,0,0,0,0,0,0,0,2,3493,1567683026
1701776975316,sensor-4,177,88,null,0,0,0,51500,0,13,25,18,133,161,3,58,1,0,19,38,27,0,0,0,0,0,0,59,128,91,0,0,0,0,0,0,0,2,3493,1567683927
1701777874432,sensor-4,178,88,null,0,0,0,51187,0,13,25,18,-3,27,-1,52,2,0,18,38,27,0,0,0,0,0,0,65,148,105,0,0,0,0,0,0,0,2,3493,1567684826
1701778774382,sensor-4,179,88,null,0,0,0,50437,0,13,26,19,85,55,0,54,1,0,17,39,28,0,0,0,0,0,0,62,144,102,0,0,0,0,0,0,0,2,3493,1567685726
1701779674785,sensor-4,180,88,null,0,0,0,50187,0,13,25,18,-1,616,-4,52,2,0,17,38,27,0,0,0,0,0,0,72,132,94,0,0,0,0,0,0,0,2,3493,1567686626
1701780574682,sensor-4,181,88,null,0,0,0,49875,0,15,25,18,4,419,-2,54,3,0,18,42,30,0,0,0,0,0,0,67,134,95,0,0,0,0,0,0,0,2,3493,1567687526
1701781474630,sensor-4,182,88,null,0,0,0,49750,0,18,41,29,-3,508,0,84,1,0,23,60,43,0,0,0,0,0,0,76,214,152,0,0,0,0,0,0,0,2,3493,1567688426
1701782374569,sensor-4,183,88,null,0,0,0,49625,0,18,39,28,71,1729,1,90,2,0,22,53,38,0,0,0,0,0,0,80,209,148,0,0,0,0,0,0,0,2,3493,1567689326
1701783274720,sensor-4,184,88,null,0,0,0,49750,0,18,39,28,61,1991,0,88,2,0,19,52,37,0,0,0,0,0,0,72,219,155,0,0,0,0,0,0,0,2,3493,1567690226
1701784174719,sensor-4,185,88,null,0,0,0,50062,0,17,39,28,12,819,-6,85,2,0,22,57,41,0,0,0,0,0,0,78,220,156,0,0,0,0,0,0,0,2,3493,1567691126
1701785074701,sensor-4,186,88,null,0,0,0,50062,0,18,39,28,65,689,2,88,1,0,20,50,36,0,0,0,0,0,0,79,219,155,0,0,0,0,0,0,0,2,3493,1567692026
1701785974789,sensor-4,187,88,null,0,0,0,50312,0,20,39,28,33,1511,-5,87,2,0,19,49,35,0,0,0,0,0,0,79,199,141,0,0,0,0,0,0,0,2,3493,1567692926
1701786874942,sensor-4,188,88,null,0,0,0,50250,0,17,41,29,36,49,3,91,1,0,21,57,41,0,0,0,0,0,0,86,219,155,0,0,0,0,0,0,0,2,3493,1567693826
1701787774855,sensor-4,189,88,null,0,0,0,50312,0,17,41,29,23,234,-4,89,2,0,21,53,38,0,0,0,0,0,0,87,219,155,0,0,0,0,0,0,0,2,3493,1567694726
1701788675279,sensor-4,190,88,null,0,0,0,50250,0,16,38,27,16,491,3,87,1,0,19,49,35,0,0,0,0,0,0,86,182,129,0,0,0,0,0,0,0,2,3493,1567695626
1701789575064,sensor-4,191,88,null,0,0,0,50562,0,17,41,29,60,1811,1,89,1,0,19,52,37,0,0,0,0,0,0,71,209,148,0,0,0,0,0,0,0,2,3493,1567696527
1701790474202,sensor-4,192,88,null,0,0,0,50687,0,15,39,28,10,250,2,84,1,0,23,59,42,0,0,0,0,0,0,78,209,148,0,0,0,0,0,0,0,2,3493,1567697426
1701791374183,sensor-4,193,88,null,0,0,0,50687,0,15,41,29,15,760,-3,89,1,0,19,55,39,0,0,0,0,0,0,77,207,147,0,0,0,0,0,0,0,2,3493,1567698326
1701792274173,sensor-4,194,88,null,0,0,0,50562,0,17,43,31,9,81,-1,86,1,0,25,70,50,0,0,0,0,0,0,79,234,166,0,0,0,0,0,0,0,2,3493,1567699226
1701793173858,sensor-4,195,88,null,0,0,0,50625,0,16,38,27,4,603,1,84,2,0,19,52,37,0,0,0,0,0,0,76,206,146,0,0,0,0,0,0,0,2,3493,1567700126
1701794074469,sensor-4,196,88,null,0,0,0,50937,0,16,41,29,5,100,4,85,2,0,22,59,42,0,0,0,0,0,0,78,210,149,0,0,0,0,0,0,0,2,3493,1567701026
1701794974060,sensor-4,197,88,null,0,0,0,51000,0,16,39,28,13,13,-4,83,1,0,21,56,40,0,0,0,0,0,0,76,205,145,0,0,0,0,0,0,0,2,3493,1567701926
1701795874224,sensor-4,198,88,null,0,0,0,51187,0,16,39,28,0,211,-6,85,1,0,23,60,43,0,0,0,0,0,0,73,206,146,0,0,0,0,0,0,0,2,3493,1567702826
1701796774292,sensor-4,199,88,null,0,0,0,51125,0,16,38,27,10,169,-2,86,2,0,20,49,35,0,0,0,0,0,0,73,203,144,0,0,0,0,0,0,0,2,3493,1567703726
1701797674303,sensor-4,200,88,null,0,0,0,51187,0,16,38,27,17,187,1,85,2,0,21,56,40,0,0,0,0,0,0,84,214,152,0,0,0,0,0,0,0,2,3493,1567704626
1701798574491,sensor-4,201,88,null,0,0,0,51000,0,8,7,5,-1,17,0,18,1,0,8,7,5,0,0,0,0,0,0,19,25,18,0,0,0,0,0,0,0,2,3493,1567705526
1701799474068,sensor-4,202,88,null,0,0,0,50875,0,17,43,31,-2,202,0,113,1,0,23,60,43,0,0,0,0,0,0,80,220,156,0,0,0,0,0,0,0,2,3493,1567706426
1701800374750,sensor-4,203,88,null,0,0,0,50875,0,17,41,29,1,549,2,108,1,0,24,59,42,0,0,0,0,0,0,81,205,145,0,0,0,0,0,0,0,2,3493,1567707326
1701801274720,sensor-4,204,88,null,0,0,0,50875,0,18,48,34,9,599,-2,107,1,0,24,65,46,0,0,0,0,0,0,92,229,162,0,0,0,0,0,0,0,2,3493,1567708227
1701802173677,sensor-4,205,88,null,0,0,0,51000,0,19,46,33,7,343,-2,109,2,0,23,57,41,0,0,0,0,0,0,82,233,165,0,0,0,0,0,0,0,2,3493,1567709126
1701803073634,sensor-4,206,88,null,0,0,0,50625,0,10,7,5,16,18,8,8,3,0,7,5,4,0,0,0,0,0,0,16,18,13,0,0,0,0,0,0,0,2,3493,1567710026
1701803973641,sensor-4,207,88,null,0,0,0,50062,0,18,45,32,5,1578,1,110,1,0,22,57,41,0,0,0,0,0,0,74,199,141,0,0,0,0,0,0,0,2,3493,1567710926
1701804874004,sensor-4,208,88,null,0,0,0,50250,0,17,49,35,10,840,2,111,2,0,21,57,41,0,0,0,0,0,0,97,240,170,0,0,0,0,0,0,0,2,3493,1567711826
1701805774019,sensor-4,209,88,null,0,0,0,50375,0,16,46,33,23,712,-2,111,1,0,21,57,41,0,0,0,0,0,0,78,219,155,0,0,0,0,0,0,0,2,3493,1567712726
1701806673988,sensor-4,210,88,null,0,0,0,50375,0,19,46,33,20,329,-6,108,1,0,21,57,41,0,0,0,0,0,0,83,216,153,0,0,0,0,0,0,0,2,3493,1567713626
1701807573893,sensor-4,211,88,null,0,0,0,50375,0,18,48,34,-4,65,0,111,1,0,22,60,43,0,0,0,0,0,0,77,212,150,0,0,0,0,0,0,0,2,3493,1567714526
1701808473992,sensor-4,212,88,null,0,0,0,50312,0,16,41,29,57,56,-2,95,1,0,22,63,45,0,0,0,0,0,0,74,214,152,0,0,0,0,0,0,0,2,3493,1567715426
1701809374081,sensor-4,213,88,null,0,0,0,50062,0,6,7,5,-5,17,3,17,1,0,8,7,5,0,0,0,0,0,0,17,22,16,0,0,0,0,0,0,0,2,3493,1567716326
1701810273888,sensor-4,214,88,null,0,0,0,49625,0,6,7,5,-6,524,1,18,0,0,9,8,6,0,0,0,0,0,0,20,24,17,0,0,0,0,0,0,0,2,3493,1567717226
1701811174214,sensor-4,215,88,null,0,0,0,49312,0,7,7,5,-15,182,0,17,1,0,9,8,6,0,0,0,0,0,0,20,25,18,0,0,0,0,0,0,0,2,3493,1567718126
1701812074194,sensor-4,216,88,null,0,0,0,49187,0,17,46,33,5,70,2,105,2,0,18,53,38,0,0,0,0,0,0,71,210,149,0,0,0,0,0,0,0,2,3493,1567719026
1701812974277,sensor-4,217,88,null,0,0,0,49562,0,17,48,34,27,299,0,105,2,0,22,56,40,0,0,0,0,0,0,81,216,153,0,0,0,0,0,0,0,2,3493,1567719927
1701813872504,sensor-4,218,88,null,0,0,0,49687,0,18,49,35,58,133,-5,112,1,0,21,56,40,0,0,0,0,0,0,79,206,146,0,0,0,0,0,0,0,2,3493,1567720826
1701814773048,sensor-4,219,88,null,0,0,0,50000,0,18,45,32,44,486,-3,115,2,0,21,57,41,0,0,0,0,0,0,81,233,165,0,0,0,0,0,0,0,2,3493,1567721726
1701815677517,sensor-4,220,88,null,0,0,0,50187,0,8,7,5,-2,88,0,19,1,0,9,7,5,0,0,0,0,0,0,17,21,15,0,0,0,0,0,0,0,2,3493,1567722626
1701816573617,sensor-4,221,88,null,0,0,0,50187,0,14,26,19,89,259,-4,50,2,0,18,38,27,0,0,0,0,0,0,69,152,108,0,0,0,0,0,0,0,2,3493,1567723526
1701817472752,sensor-4,222,88,null,0,0,0,50187,0,14,26,19,114,25,-7,51,1,0,18,41,29,0,0,0,0,0,0,69,158,112,0,0,0,0,0,0,0,2,3493,1567724426
1701818373375,sensor-4,223,88,null,0,0,0,50187,0,13,22,16,110,69,-7,48,1,0,17,36,26,0,0,0,0,0,0,63,130,92,0,0,0,0,0,0,0,2,3493,1567725326
1701819273393,sensor-4,224,88,null,0,0,0,50125,0,13,24,17,-13,5,-1,48,2,0,19,42,30,0,0,0,0,0,0,73,164,116,0,0,0,0,0,0,0,2,3493,1567726226
1701820173253,sensor-4,225,88,null,0,0,0,50125,0,14,26,19,7,154,-1,49,2,0,18,39,28,0,0,0,0,0,0,65,141,100,0,0,0,0,0,0,0,2,3493,1567727126
1701821073440,sensor-4,226,88,null,0,0,0,50062,0,7,7,5,-10,314,1,18,1,0,7,7,5,0,0,0,0,0,0,16,25,18,0,0,0,0,0,0,0,2,3493,1567728026
1701821973398,sensor-4,227,88,null,0,0,0,49750,0,6,7,5,14,111,0,19,1,0,10,8,6,0,0,0,0,0,0,19,25,18,0,0,0,0,0,0,0,2,3493,1567728926
1701822873744,sensor-4,228,88,null,0,0,0,49437,0,7,7,5,3,260,3,18,1,0,9,8,6,0,0,0,0,0,0,18,24,17,0,0,0,0,0,0,0,2,3493,1567729826
1701823773443,sensor-4,229,88,null,0,0,0,48625,0,17,39,28,0,226,2,82,2,0,23,56,40,0,0,0,0,0,0,87,205,145,0,0,0,0,0,0,0,2,3493,1567730726
1701824673308,sensor-4,230,88,null,0,0,0,48750,0,18,41,29,20,1587,1,84,1,0,19,49,35,0,0,0,0,0,0,66,199,141,0,0,0,0,0,0,0,2,3493,1567731627
1701825572515,sensor-4,231,88,null,0,0,0,48812,0,8,7,5,-15,502,2,17,1,0,9,7,5,0,0,0,0,0,0,20,22,16,0,0,0,0,0,0,0,2,3493,1567732526
1701826472584,sensor-4,232,88,null,0,0,0,48812,0,20,53,38,44,137,2,111,3,0,22,62,44,0,0,0,0,0,0,83,234,166,0,0,0,0,0,0,0,2,3493,1567733426
1701827372550,sensor-4,233,88,null,0,0,0,48937,0,20,52,37,50,1199,-6,118,2,0,19,57,41,0,0,0,0,0,0,85,212,150,0,0,0,0,0,0,0,2,3493,1567734326
1701828272697,sensor-4,234,88,null,0,0,0,49125,0,9,8,6,-10,135,3,18,1,0,9,12,9,0,0,0,0,0,0,21,28,20,0,0,0,0,0,0,0,2,3493,1567735226
1701829172927,sensor-4,235,88,null,0,0,0,49125,0,15,35,25,21,94,-2,74,1,0,20,50,36,0,0,0,0,0,0,73,173,123,0,0,0,0,0,0,0,2,3493,1567736126
1701830072666,sensor-4,236,88,null,0,0,0,49125,0,18,36,26,103,281,-5,79,3,0,19,48,34,0,0,0,0,0,0,66,162,115,0,0,0,0,0,0,0,2,3493,1567737026
1701830972966,sensor-4,237,88,null,0,0,0,49500,0,17,49,35,33,172,-7,107,1,0,21,55,39,0,0,0,0,0,0,75,209,148,0,0,0,0,0,0,0,2,3493,1567737926
1701831872761,sensor-4,238,88,null,0,0,0,49875,0,8,7,5,9,119,-1,18,1,0,8,7,5,0,0,0,0,0,0,19,24,17,0,0,0,0,0,0,0,2,3493,1567738826
1701832773087,sensor-4,239,88,null,0,0,0,48875,0,7,7,5,7,172,15,8,1,0,9,5,4,0,0,0,0,0,0,18,18,13,0,0,0,0,0,0,0,2,3493,1567739726
1701833672754,sensor-4,240,88,null,0,0,0,47625,0,7,5,4,12,98,9,8,1,0,9,5,4,0,0,0,0,0,0,20,14,10,0,0,0,0,0,0,0,2,3493,1567740626
1701834572722,sensor-4,241,88,null,0,0,0,46437,0,7,7,5,0,58,10,8,2,0,9,5,4,0,0,0,0,0,0,21,14,10,0,0,0,0,0,0,0,2,3493,1567741526
1701835473003,sensor-4,242,88,null,0,0,0,45375,0,7,7,5,1,19,14,8,1,0,10,7,5,0,0,0,0,0,0,16,12,9,0,0,0,0,0,0,0,2,3493,1567742426
1701836373048,sensor-4,243,88,null,0,0,0,44375,0,6,5,4,23,20,5,8,1,0,9,7,5,0,0,0,0,0,0,18,11,8,0,0,0,0,0,0,0,2,3493,1567743327
1701837271997,sensor-4,244,88,null,0,0,0,43437,0,7,5,4,9,200,13,8,1,0,9,8,6,0,0,0,0,0,0,17,12,9,0,0,0,0,0,0,0,2,3493,1567744226
1701838172198,sensor-4,245,88,null,0,0,0,42562,0,7,5,4,25,59,11,8,1,0,11,7,5,0,0,0,0,0,0,16,12,9,0,0,0,0,0,0,0,2,3493,1567745126
1701839072258,sensor-4,246,88,null,0,0,0,41812,0,8,7,5,9,96,-2,8,1,0,8,7,5,0,0,0,0,0,0,18,12,9,0,0,0,0,0,0,0,2,3493,1567746026
1701839972309,sensor-4,247,88,null,0,0,0,41125,0,5,5,4,-4,163,1,8,1,0,7,7,5,0,0,0,0,0,0,7,11,8,0,0,0,0,0,0,0,2,3493,1567746926
1701840872246,sensor-4,248,88,null,0,0,0,42812,0,17,43,31,70,139,-5,125,1,0,23,69,49,0,0,0,0,0,0,71,214,152,0,0,0,0,0,0,0,2,3493,1567747826
1701841772321,sensor-4,249,88,null,0,0,0,44312,0,24,52,37,114,1740,-7,141,2,0,22,70,50,0,0,0,0,0,0,86,213,151,0,0,0,0,0,0,0,2,3493,1567748726
1701842672439,sensor-4,250,88,null,0,0,0,45375,0,17,45,32,19,462,-6,99,1,0,20,52,37,0,0,0,0,0,0,83,183,130,0,0,0,0,0,0,0,2,3493,1567749626
1701843572281,sensor-4,251,88,null,0,0,0,46375,0,19,53,38,36,729,-6,132,1,0,20,66,47,0,0,0,0,0,0,86,220,156,0,0,0,0,0,0,0,2,3493,1567750526
1701844472250,sensor-4,252,88,null,0,0,0,47125,0,25,62,44,31,596,-7,130,2,0,24,73,52,0,0,0,0,0,0,76,213,151,0,0,0,0,0,0,0,2,3493,1567751426
1701845372223,sensor-4,253,88,null,0,0,0,47750,0,22,59,42,45,27,-2,137,2,0,24,73,52,0,0,0,0,0,0,84,250,177,0,0,0,0,0,0,0,2,3493,1567752326
1701846272740,sensor-4,254,88,null,0,0,0,48375,0,22,57,41,0,164,0,133,2,0,25,80,57,0,0,0,0,0,0,72,237,168,0,0,0,0,0,0,0,2,3493,1567753226
1701847172259,sensor-4,255,88,null,0,0,0,48687,0,20,59,42,43,668,1,142,3,0,23,79,56,0,0,0,0,0,0,77,281,199,0,0,0,0,0,0,0,2,3493,1567754126
1701848072445,sensor-4,0,88,null,0,0,0,48937,0,21,56,40,24,112,-4,134,2,0,23,70,50,0,0,0,0,0,0,83,244,173,0,0,0,0,0,0,0,2,3493,1567755027
1701848971823,sensor-4,1,88,null,0,0,0,48375,0,9,7,5,-34,313,3,20,2,0,7,7,5,0,0,0,0,0,0,19,18,13,0,0,0,0,0,0,0,2,3493,1567755926
1701849871689,sensor-4,2,88,null,0,0,0,47437,0,7,7,5,25,601,0,20,1,0,9,8,6,0,0,0,0,0,0,20,18,13,0,0,0,0,0,0,0,2,3493,1567756826
1701850771349,sensor-4,3,88,null,0,0,0,47062,0,24,66,47,29,27,0,138,2,0,24,80,57,0,0,0,0,0,0,74,241,171,0,0,0,0,0,0,0,2,3493,1567757726
1701851671681,sensor-4,4,88,null,0,0,0,47750,0,20,55,39,40,124,-3,134,2,0,26,79,56,0,0,0,0,0,0,94,241,171,0,0,0,0,0,0,0,2,3493,1567758626
1701852571740,sensor-4,5,88,null,0,0,0,48375,0,18,53,38,25,244,1,134,1,0,23,74,53,0,0,0,0,0,0,81,250,177,0,0,0,0,0,0,0,2,3493,1567759526
1701853471355,sensor-4,6,88,null,0,0,0,48937,0,21,56,40,77,1773,4,134,2,0,25,76,54,0,0,0,0,0,0,86,257,182,0,0,0,0,0,0,0,2,3493,1567760426
1701854371624,sensor-4,7,88,null,0,0,0,49312,0,18,56,40,17,214,1,134,2,0,23,80,57,0,0,0,0,0,0,82,268,190,0,0,0,0,0,0,0,2,3493,1567761326
1701855271714,sensor-4,8,88,null,0,0,0,49875,0,18,53,38,41,1380,3,136,2,0,22,72,51,0,0,0,0,0,0,81,241,171,0,0,0,0,0,0,0,2,3493,1567762226
1701856172080,sensor-4,9,88,null,0,0,0,50250,0,21,56,40,25,119,0,137,1,0,21,72,51,0,0,0,0,0,0,77,246,174,0,0,0,0,0,0,0,2,3493,1567763126
1701857071953,sensor-4,10,88,null,0,0,0,50562,0,18,57,41,30,700,3,140,2,0,25,77,55,0,0,0,0,0,0,76,261,185,0,0,0,0,0,0,0,2,3493,1567764026
1701857972270,sensor-4,11,88,null,0,0,0,50687,0,18,56,40,28,504,-6,132,1,0,23,70,50,0,0,0,0,0,0,73,214,152,0,0,0,0,0,0,0,2,3493,1567764926
1701858872129,sensor-4,12,88,null,0,0,0,50812,0,17,50,36,30,510,-3,136,2,0,22,65,46,0,0,0,0,0,0,71,220,156,0,0,0,0,0,0,0,2,3493,1567765826
1701859771889,sensor-4,13,88,null,0,0,0,50687,0,15,43,31,35,423,2,117,2,0,19,60,43,0,0,0,0,0,0,64,202,143,0,0,0,0,0,0,0,2,3493,1567766727
1701860670843,sensor-4,14,88,null,0,0,0,50750,0,17,56,40,25,44,-11,131,1,0,24,74,53,0,0,0,0,0,0,76,243,172,0,0,0,0,0,0,0,2,3493,1567767626
1701861570922,sensor-4,15,88,null,0,0,0,50812,0,18,55,39,41,78,1,135,2,0,21,69,49,0,0,0,0,0,0,77,260,184,0,0,0,0,0,0,0,2,3493,1567768526
1701862470807,sensor-4,16,88,null,0,0,0,50812,0,21,50,36,12,400,-3,135,1,0,21,65,46,0,0,0,0,0,0,80,231,164,0,0,0,0,0,0,0,2,3493,1567769426
1701863371105,sensor-4,17,88,null,0,0,0,50875,0,16,39,28,3,55,0,102,2,0,19,50,36,0,0,0,0,0,0,72,178,126,0,0,0,0,0,0,0,2,3493,1567770326
1701864271157,sensor-4,18,88,null,0,0,0,50750,0,7,7,5,3,662,1,18,1,0,8,7,5,0,0,0,0,0,0,18,22,16,0,0,0,0,0,0,0,2,3493,1567771226
1701865170992,sensor-4,19,88,null,0,0,0,49625,0,6,7,5,-6,19,6,16,1,0,9,7,5,0,0,0,0,0,0,19,18,13,0,0,0,0,0,0,0,2,3493,1567772126
1701866071264,sensor-4,20,88,null,0,0,0,48687,0,15,32,23,20,78,-4,70,1,0,25,56,40,0,0,0,0,0,0,109,227,161,0,0,0,0,0,0,0,2,3493,1567773026
1701866971191,sensor-4,21,88,null,0,0,0,48250,0,19,35,25,225,1965,14,77,2,0,24,55,39,0,0,0,0,0,0,103,224,159,0,0,0,0,0,0,0,2,3493,1567773926
1701867871378,sensor-4,22,88,null,0,0,0,48125,0,7,7,5,0,51,-1,18,1,0,8,8,6,0,0,0,0,0,0,17,21,15,0,0,0,0,0,0,0,2,3493,1567774826
1701868771720,sensor-4,23,88,null,0,0,0,47687,0,20,38,27,126,72,-6,75,2,0,24,52,37,0,0,0,0,0,0,97,209,148,0,0,0,0,0,0,0,2,3493,1567775726
1701869671313,sensor-4,24,88,null,0,0,0,47625,0,14,32,23,318,1257,-12,80,1,0,22,50,36,0,0,0,0,0,0,94,213,151,0,0,0,0,0,0,0,2,3493,1567776626
1701870571485,sensor-4,25,88,null,0,0,0,47625,0,16,36,26,65,153,1,76,1,0,23,56,40,0,0,0,0,0,0,98,234,166,0,0,0,0,0,0,0,2,3493,1567777526
1701871471725,sensor-4,26,88,null,0,0,0,47500,0,16,35,25,175,176,-5,79,1,0,23,56,40,0,0,0,0,0,0,100,233,165,0,0,0,0,0,0,0,2,3493,1567778427
1701872370664,sensor-4,27,88,null,0,0,0,47312,0,19,38,27,91,714,-7,83,1,0,27,62,44,0,0,0,0,0,0,121,264,187,0,0,0,0,0,0,0,2,3493,1567779326
1701873270901,sensor-4,28,88,null,0,0,0,47375,0,20,39,28,137,110,-2,80,2,0,24,57,41,0,0,0,0,0,0,105,247,175,0,0,0,0,0,0,0,2,3493,1567780226
1701874170577,sensor-4,29,88,null,0,0,0,47187,0,14,32,23,211,4,-9,80,2,0,24,56,40,0,0,0,0,0,0,95,216,153,0,0,0,0,0,0,0,2,3493,1567781126
1701875070656,sensor-4,30,88,null,0,0,0,47250,0,16,33,24,305,78,-7,88,1,0,24,57,41,0,0,0,0,0,0,97,231,164,0,0,0,0,0,0,0,2,3493,1567782026
1701875970866,sensor-4,31,88,null,0,0,0,46937,0,19,36,26,148,1822,0,84,2,0,27,63,45,0,0,0,0,0,0,119,275,195,0,0,0,0,0,0,0,2,3493,1567782926
1701876870830,sensor-4,32,88,null,0,0,0,46562,0,8,7,5,0,419,1,17,1,0,9,7,5,0,0,0,0,0,0,20,18,13,0,0,0,0,0,0,0,2,3493,1567783826
1701877770869,sensor-4,33,88,null,0,0,0,45625,0,6,5,4,-6,375,13,16,1,0,6,7,5,0,0,0,0,0,0,20,18,13,0,0,0,0,0,0,0,2,3493,1567784726
1701878670997,sensor-4,34,88,null,0,0,0,44875,0,8,7,5,-4,181,4,18,1,0,8,7,5,0,0,0,0,0,0,22,18,13,0,0,0,0,0,0,0,2,3493,1567785626
1701879570536,sensor-4,35,88,null,0,0,0,44250,0,8,7,5,9,234,3,17,2,0,12,8,6,0,0,0,0,0,0,20,16,12,0,0,0,0,0,0,0,2,3493,1567786526
1701880471172,sensor-4,36,88,null,0,0,0,43625,0,7,7,5,9,375,1,17,1,0,8,8,6,0,0,0,0,0,0,25,19,14,0,0,0,0,0,0,0,2,3493,1567787426
1701881371054,sensor-4,37,88,null,0,0,0,43312,0,21,41,29,35,441,-5,85,1,0,25,56,40,0,0,0,0,0,0,89,197,140,0,0,0,0,0,0,0,2,3493,1567788326
1701882270965,sensor-4,38,88,null,0,0,0,43750,0,17,32,23,46,383,2,75,1,0,22,49,35,0,0,0,0,0,0,90,199,141,0,0,0,0,0,0,0,2,3493,1567789226
1701883170515,sensor-4,39,88,null,0,0,0,43812,0,17,33,24,98,1192,-1,79,2,0,25,59,42,0,0,0,0,0,0,85,196,139,0,0,0,0,0,0,0,2,3493,1567790127
1701884070535,sensor-4,40,88,null,0,0,0,43875,0,18,35,25,41,447,0,78,2,0,23,55,39,0,0,0,0,0,0,91,219,155,0,0,0,0,0,0,0,2,3493,1567791026
1701884970048,sensor-4,41,88,null,0,0,0,44250,0,17,33,24,41,308,-5,77,2,0,23,53,38,0,0,0,0,0,0,96,212,150,0,0,0,0,0,0,0,2,3493,1567791926
1701885870202,sensor-4,42,88,null,0,0,0,44437,0,23,33,24,657,394,3,93,7,0,24,56,40,0,0,0,0,0,0,87,209,148,0,0,0,0,0,0,0,2,3493,1567792826
1701886770595,sensor-4,43,88,null,0,0,0,44687,0,17,35,25,14,559,-2,73,1,0,23,55,39,0,0,0,0,0,0,97,213,151,0,0,0,0,0,0,0,2,3493,1567793726
1701887670197,sensor-4,44,88,null,0,0,0,44812,0,16,35,25,93,490,0,78,1,0,21,48,34,0,0,0,0,0,0,87,210,149,0,0,0,0,0,0,0,2,3493,1567794626
1701888570123,sensor-4,45,88,null,0,0,0,44937,0,19,36,26,42,847,-1,79,2,0,24,57,41,0,0,0,0,0,0,91,219,155,0,0,0,0,0,0,0,2,3493,1567795526
1701889470323,sensor-4,46,88,null,0,0,0,45000,0,15,33,24,12,180,-5,88,2,0,21,52,37,0,0,0,0,0,0,64,169,120,0,0,0,0,0,0,0,2,3493,1567796426
1701890370469,sensor-4,47,88,null,0,0,0,45312,0,16,32,23,157,379,-6,90,1,0,20,46,33,0,0,0,0,0,0,73,164,116,0,0,0,0,0,0,0,2,3493,1567797326
1701891270755,sensor-4,48,88,null,0,0,0,45312,0,17,33,24,152,32,-4,93,2,0,20,50,36,0,0,0,0,0,0,66,168,119,0,0,0,0,0,0,0,2,3493,1567798226
1701892170079,sensor-4,49,88,null,0,0,0,45625,0,15,32,23,30,161,0,85,2,0,21,52,37,0,0,0,0,0,0,66,180,128,0,0,0,0,0,0,0,2,3493,1567799126
1701893070699,sensor-4,50,88,null,0,0,0,45500,0,7,5,4,19,243,12,7,1,0,7,5,4,0,0,0,0,0,0,6,7,5,0,0,0,0,0,0,0,2,3493,1567800026
1701893970464,sensor-4,51,88,null,0,0,0,44250,0,8,5,4,7,0,4,7,2,0,6,5,4,0,0,0,0,0,0,6,5,4,0,0,0,0,0,0,0,2,3493,1567800926
1701894874990,sensor-4,52,88,null,0,0,0,43125,0,5,5,4,8,69,2,7,1,0,6,5,4,0,0,0,0,0,0,7,7,5,0,0,0,0,0,0,0,2,3493,1567801827
1701895769688,sensor-4,53,88,null,0,0,0,42125,0,7,5,4,2,357,1,7,1,0,7,5,4,0,0,0,0,0,0,9,7,5,0,0,0,0,0,0,0,2,3493,1567802726
1701896669674,sensor-4,54,88,null,0,0,0,41125,0,8,5,4,30,149,9,7,2,0,7,5,4,0,0,0,0,0,0,7,7,5,0,0,0,0,0,0,0,2,3493,1567803626
1701897569772,sensor-4,55,88,null,0,0,0,40187,0,9,5,4,1,44,7,7,3,0,7,5,4,0,0,0,0,0,0,7,7,5,0,0,0,0,0,0,0,2,3493,1567804526
1701898469686,sensor-4,56,88,null,0,0,0,39375,0,5,5,4,6,110,3,7,1,0,8,5,4,0,0,0,0,0,0,8,7,5,0,0,0,0,0,0,0,2,3493,1567805426
1701899369436,sensor-4,57,88,null,0,0,0,38625,0,6,5,4,-15,22,-6,7,1,0,7,5,4,0,0,0,0,0,0,7,7,5,0,0,0,0,0,0,0,2,3493,1567806326
1701900269703,sensor-4,58,88,null,0,0,0,38062,0,7,5,4,-19,83,-2,7,1,0,6,5,4,0,0,0,0,0,0,6,7,5,0,0,0,0,0,0,0,2,3493,1567807226
1701901169287,sensor-4,59,88,null,0,0,0,37437,0,9,5,4,8,156,4,7,3,0,8,5,4,0,0,0,0,0,0,6,7,5,0,0,0,0,0,0,0,2,3493,1567808126
1701902069938,sensor-4,60,88,null,0,0,0,36875,0,7,5,4,3,107,7,7,1,0,5,5,4,0,0,0,0,0,0,8,7,5,0,0,0,0,0,0,0,2,3493,1567809026
1701902969525,sensor-4,61,88,null,0,0,0,36375,0,6,5,4,-9,21,-2,7,1,0,8,5,4,0,0,0,0,0,0,6,7,5,0,0,0,0,0,0,0,2,3493,1567809926
1701903869779,sensor-4,62,88,null,0,0,0,36000,0,7,5,4,13,125,11,7,1,0,8,5,4,0,0,0,0,0,0,8,7,5,0,0,0,0,0,0,0,2,3493,1567810826
1701904769643,sensor-4,63,88,null,0,0,0,35687,0,7,5,4,-5,284,0,7,2,0,7,5,4,0,0,0,0,0,0,9,7,5,0,0,0,0,0,0,0,2,3493,1567811726
1701905669329,sensor-4,64,88,null,0,0,0,35312,0,6,5,4,-4,21,3,7,1,0,7,5,4,0,0,0,0,0,0,7,5,4,0,0,0,0,0,0,0,2,3493,1567812626
1701906569753,sensor-4,65,88,null,0,0,0,35000,0,5,5,4,-2,107,7,7,1,0,7,5,4,0,0,0,0,0,0,9,8,6,0,0,0,0,0,0,0,2,3493,1567813527
1701907469020,sensor-4,66,88,null,0,0,0,34687,0,6,5,4,9,108,11,7,1,0,5,5,4,0,0,0,0,0,0,5,7,5,0,0,0,0,0,0,0,2,3493,1567814426
1701908369162,sensor-4,67,88,null,0,0,0,34375,0,6,5,4,-16,130,7,7,1,0,7,5,4,0,0,0,0,0,0,7,7,5,0,0,0,0,0,0,0,2,3493,1567815326
1701909268710,sensor-4,68,88,null,0,0,0,34062,0,6,5,4,15,0,5,7,1,0,6,5,4,0,0,0,0,0,0,6,7,5,0,0,0,0,0,0,0,2,3493,1567816226
1701910173860,sensor-4,69,88,null,0,0,0,33812,0,7,5,4,2,44,0,7,1,0,7,5,4,0,0,0,0,0,0,7,8,6,0,0,0,0,0,0,0,2,3493,1567817126
1701911068895,sensor-4,70,88,null,0,0,0,33625,0,7,5,4,-11,85,3,7,2,0,5,5,4,0,0,0,0,0,0,8,8,6,0,0,0,0,0,0,0,2,3493,1567818026
1701911968989,sensor-4,71,88,null,0,0,0,33437,0,6,5,4,6,131,4,7,1,0,6,5,4,0,0,0,0,0,0,5,5,4,0,0,0,0,0,0,0,2,3493,1567818926
1701912868932,sensor-4,72,88,null,0,0,0,33250,0,6,5,4,-4,171,0,7,1,0,7,5,4,0,0,0,0,0,0,7,7,5,0,0,0,0,0,0,0,2,3493,1567819826
1701913768905,sensor-4,73,88,null,0,0,0,33125,0,8,5,4,15,130,5,7,2,0,6,5,4,0,0,0,0,0,0,7,7,5,0,0,0,0,0,0,0,2,3493,1567820726
1701914668937,sensor-4,74,88,null,0,0,0,33062,0,5,5,4,2,179,-2,7,1,0,8,5,4,0,0,0,0,0,0,6,5,4,0,0,0,0,0,0,0,2,3493,1567821626
1701915569144,sensor-4,75,88,null,0,0,0,32937,0,6,5,4,1,157,1,7,2,0,7,5,4,0,0,0,0,0,0,7,5,4,0,0,0,0,0,0,0,2,3493,1567822526
1701916469090,sensor-4,76,88,null,0,0,0,32812,0,5,5,4,0,158,6,7,1,0,7,5,4,0,0,0,0,0,0,8,7,5,0,0,0,0,0,0,0,2,3493,1567823426
1701917369115,sensor-4,77,88,null,0,0,0,32812,0,7,5,4,-22,107,4,7,2,0,8,5,4,0,0,0,0,0,0,5,5,4,0,0,0,0,0,0,0,2,3493,1567824326
1701918268905,sensor-4,78,88,null,0,0,0,32750,0,6,5,4,8,105,2,7,1,0,7,5,4,0,0,0,0,0,0,7,5,4,0,0,0,0,0,0,0,2,3493,1567825227
1701919167779,sensor-4,79,88,null,0,0,0,32812,0,7,5,4,-1,44,8,7,1,0,8,5,4,0,0,0,0,0,0,8,8,6,0,0,0,0,0,0,0,2,3493,1567826126
1701920067976,sensor-4,80,88,null,0,0,0,32812,0,6,5,4,5,275,10,7,1,0,7,5,4,0,0,0,0,0,0,7,7,5,0,0,0,0,0,0,0,2,3493,1567827026
1701920967985,sensor-4,81,88,null,0,0,0,32875,0,7,5,4,-12,0,10,7,1,0,9,5,4,0,0,0,0,0,0,8,8,6,0,0,0,0,0,0,0,2,3493,1567827926
1701921867976,sensor-4,82,88,null,0,0,0,32875,0,6,5,4,1,40,2,7,1,0,8,5,4,0,0,0,0,0,0,7,8,6,0,0,0,0,0,0,0,2,3493,1567828826
1701922768287,sensor-4,83,88,null,0,0,0,32937,0,6,5,4,-11,326,4,7,1,0,7,5,4,0,0,0,0,0,0,7,5,4,0,0,0,0,0,0,0,2,3493,1567829726
1701923668498,sensor-4,84,88,null,0,0,0,33000,0,7,5,4,-9,65,5,7,2,0,9,5,4,0,0,0,0,0,0,6,5,4,0,0,0,0,0,0,0,2,3493,1567830626
1701924568232,sensor-4,85,88,null,0,0,0,33062,0,9,5,4,1,87,-1,7,3,0,9,5,4,0,0,0,0,0,0,7,8,6,0,0,0,0,0,0,0,2,3493,1567831526
1701925468292,sensor-4,86,88,null,0,0,0,33125,0,7,5,4,0,63,6,7,1,0,7,5,4,0,0,0,0,0,0,8,7,5,0,0,0,0,0,0,0,2,3493,1567832426
1701926368032,sensor-4,87,88,null,0,0,0,33250,0,6,5,4,0,41,10,7,1,0,6,5,4,0,0,0,0,0,0,7,8,6,0,0,0,0,0,0,0,2,3493,1567833326
1701927268546,sensor-4,88,88,null,0,0,0,33375,0,7,5,4,-23,106,8,7,1,0,7,5,4,0,0,0,0,0,0,7,7,5,0,0,0,0,0,0,0,2,3493,1567834226
1701928168396,sensor-4,89,88,null,0,0,0,33437,0,6,5,4,13,45,6,7,2,0,7,5,4,0,0,0,0,0,0,6,5,4,0,0,0,0,0,0,0,2,3493,1567835126
1701929068478,sensor-4,90,88,null,0,0,0,33500,0,6,5,4,-3,136,11,7,1,0,6,5,4,0,0,0,0,0,0,6,8,6,0,0,0,0,0,0,0,2,3493,1567836026
1701929968456,sensor-4,91,88,null,0,0,0,33500,0,7,5,4,18,225,10,7,1,0,8,5,4,0,0,0,0,0,0,6,7,5,0,0,0,0,0,0,0,2,3493,1567836927
1701930867447,sensor-4,92,88,null,0,0,0,33562,0,10,5,4,0,0,7,7,2,0,8,5,4,0,0,0,0,0,0,8,7,5,0,0,0,0,0,0,0,2,3493,1567837826
1701931767322,sensor-4,93,88,null,0,0,0,33625,0,5,5,4,-12,176,8,7,1,0,9,5,4,0,0,0,0,0,0,7,7,5,0,0,0,0,0,0,0,2,3493,1567838726
1701932667495,sensor-4,94,88,null,0,0,0,33687,0,7,5,4,-6,369,1,7,1,0,7,5,4,0,0,0,0,0,0,6,7,5,0,0,0,0,0,0,0,2,3493,1567839626
1701933567449,sensor-4,95,88,null,0,0,0,33750,0,6,5,4,3,246,8,7,1,0,7,4,3,0,0,0,0,0,0,7,5,4,0,0,0,0,0,0,0,2,3493,1567840526
1701934467460,sensor-4,96,88,null,0,0,0,33812,0,5,5,4,-2,89,6,7,1,0,5,4,3,0,0,0,0,0,0,5,5,4,0,0,0,0,0,0,0,2,3493,1567841426
1701935367637,sensor-4,97,88,null,0,0,0,33937,0,8,5,4,-1,222,0,7,2,0,5,5,4,0,0,0,0,0,0,7,5,4,0,0,0,0,0,0,0,2,3493,1567842326
1701936267565,sensor-4,98,88,null,0,0,0,33937,0,7,5,4,1,87,9,7,1,0,6,5,4,0,0,0,0,0,0,8,5,4,0,0,0,0,0,0,0,2,3493,1567843226
1701937167878,sensor-4,99,88,null,0,0,0,34000,0,6,5,4,0,152,9,7,1,0,6,5,4,0,0,0,0,0,0,6,7,5,0,0,0,0,0,0,0,2,3493,1567844126
1701938067529,sensor-4,100,88,null,0,0,0,34062,0,6,5,4,4,67,7,7,1,0,9,5,4,0,0,0,0,0,0,8,7,5,0,0,0,0,0,0,0,2,3493,1567845026
1701938967632,sensor-4,101,88,null,0,0,0,34125,0,6,5,4,-4,471,3,7,1,0,7,5,4,0,0,0,0,0,0,7,7,5,0,0,0,0,0,0,0,2,3493,1567845926
1701939867802,sensor-4,102,88,null,0,0,0,34125,0,6,5,4,0,129,17,7,1,0,8,5,4,0,0,0,0,0,0,9,7,5,0,0,0,0,0,0,0,2,3493,1567846826
1701940767786,sensor-4,103,88,null,0,0,0,34187,0,6,5,4,-1,183,0,7,1,0,8,5,4,0,0,0,0,0,0,8,7,5,0,0,0,0,0,0,0,2,3493,1567847726
1701941667863,sensor-4,104,88,null,0,0,0,34187,0,10,5,4,18,21,-4,7,3,0,7,5,4,0,0,0,0,0,0,7,5,4,0,0,0,0,0,0,0,2,3493,1567848627
1701942566913,sensor-4,105,88,null,0,0,0,34187,0,5,5,4,-2,322,4,7,1,0,7,5,4,0,0,0,0,0,0,7,5,4,0,0,0,0,0,0,0,2,3493,1567849526
1701943466629,sensor-4,106,88,null,0,0,0,34125,0,5,5,4,10,189,15,7,1,0,8,5,4,0,0,0,0,0,0,7,5,4,0,0,0,0,0,0,0,2,3493,1567850426
1701944366697,sensor-4,107,88,null,0,0,0,34062,0,6,5,4,-8,271,1,7,1,0,10,5,4,0,0,0,0,0,0,8,5,4,0,0,0,0,0,0,0,2,3493,1567851326
1701945266637,sensor-4,108,88,null,0,0,0,34000,0,8,5,4,0,207,7,7,1,0,8,5,4,0,0,0,0,0,0,7,5,4,0,0,0,0,0,0,0,2,3493,1567852226
1701946166913,sensor-4,109,88,null,0,0,0,33875,0,6,5,4,15,22,8,7,1,0,8,5,4,0,0,0,0,0,0,5,7,5,0,0,0,0,0,0,0,2,3493,1567853126
1701947066712,sensor-4,110,88,null,0,0,0,33812,0,6,5,4,11,22,10,7,1,0,6,5,4,0,0,0,0,0,0,6,7,5,0,0,0,0,0,0,0,2,3493,1567854026
1701947966942,sensor-4,111,88,null,0,0,0,33687,0,5,5,4,6,178,13,7,1,0,5,5,4,0,0,0,0,0,0,8,7,5,0,0,0,0,0,0,0,2,3493,1567854926
1701948866818,sensor-4,112,88,null,0,0,0,33625,0,5,5,4,5,0,1,7,1,0,6,5,4,0,0,0,0,0,0,6,7,5,0,0,0,0,0,0,0,2,3493,1567855826
1701949766969,sensor-4,113,88,null,0,0,0,33500,0,4,5,4,-1,270,0,7,1,0,4,5,4,0,0,0,0,0,0,6,5,4,0,0,0,0,0,0,0,2,3493,1567856726
1701950667925,sensor-4,114,88,null,0,0,0,33375,0,8,5,4,7,44,12,7,3,0,5,4,3,0,0,0,0,0,0,6,5,4,0,0,0,0,0,0,0,2,3493,1567857626
1701951566889,sensor-4,115,88,null,0,0,0,33312,0,6,5,4,-7,68,15,7,1,0,6,5,4,0,0,0,0,0,0,8,5,4,0,0,0,0,0,0,0,2,3493,1567858526
1701952466835,sensor-4,116,88,null,0,0,0,33187,0,5,5,4,-8,0,6,7,1,0,4,5,4,0,0,0,0,0,0,7,7,5,0,0,0,0,0,0,0,2,3493,1567859426
1701953366859,sensor-4,117,88,null,0,0,0,33062,0,6,5,4,4,219,3,7,1,0,5,5,4,0,0,0,0,0,0,6,7,5,0,0,0,0,0,0,0,2,3493,1567860327
1701954266522,sensor-4,118,88,null,0,0,0,32937,0,5,5,4,-18,221,1,7,1,0,6,5,4,0,0,0,0,0,0,5,7,5,0,0,0,0,0,0,0,2,3493,1567861226
1701955166040,sensor-4,119,88,null,0,0,0,32875,0,7,5,4,-16,65,3,7,2,0,5,5,4,0,0,0,0,0,0,7,7,5,0,0,0,0,0,0,0,2,3493,1567862126
1701956066844,sensor-4,120,88,null,0,0,0,32812,0,4,5,4,0,23,7,7,0,0,7,5,4,0,0,0,0,0,0,7,7,5,0,0,0,0,0,0,0,2,3493,1567863026
1701956966315,sensor-4,121,88,null,0,0,0,32750,0,7,5,4,3,106,4,7,2,0,6,5,4,0,0,0,0,0,0,8,7,5,0,0,0,0,0,0,0,2,3493,1567863926
1701957866370,sensor-4,122,88,null,0,0,0,32687,0,8,5,4,-16,69,10,7,2,0,6,5,4,0,0,0,0,0,0,6,7,5,0,0,0,0,0,0,0,2,3493,1567864826
1701958766108,sensor-4,123,88,null,0,0,0,32687,0,7,5,4,-10,109,13,7,2,0,7,5,4,0,0,0,0,0,0,7,5,4,0,0,0,0,0,0,0,2,3493,1567865726
1701959666521,sensor-4,124,88,null,0,0,0,32625,0,6,5,4,-5,128,9,7,1,0,6,5,4,0,0,0,0,0,0,6,7,5,0,0,0,0,0,0,0,2,3493,1567866626
1701960566547,sensor-4,125,88,null,0,0,0,32625,0,7,5,4,-4,105,6,7,1,0,5,5,4,0,0,0,0,0,0,9,7,5,0,0,0,0,0,0,0,2,3493,1567867526
1701961466562,sensor-4,126,88,null,0,0,0,32500,0,5,5,4,-15,153,5,7,0,0,6,5,4,0,0,0,0,0,0,8,5,4,0,0,0,0,0,0,0,2,3493,1567868426
1701962366422,sensor-4,127,88,null,0,0,0,32437,0,7,5,4,-16,65,7,7,1,0,7,5,4,0,0,0,0,0,0,6,5,4,0,0,0,0,0,0,0,2,3493,1567869326
1701963266468,sensor-4,128,88,null,0,0,0,32375,0,4,5,4,-18,297,7,7,0,0,7,4,3,0,0,0,0,0,0,8,5,4,0,0,0,0,0,0,0,2,3493,1567870226
1701964166176,sensor-4,129,88,null,0,0,0,32250,0,5,5,4,-9,47,5,7,1,0,5,5,4,0,0,0,0,0,0,5,5,4,0,0,0,0,0,0,0,2,3493,1567871126
1701965066464,sensor-4,130,88,null,0,0,0,32187,0,7,5,4,-7,21,13,7,1,0,4,4,3,0,0,0,0,0,0,5,5,4,0,0,0,0,0,0,0,2,3493,1567872027
1701965965421,sensor-4,131,88,null,0,0,0,32125,0,7,5,4,-9,155,2,7,1,0,7,5,4,0,0,0,0,0,0,7,5,4,0,0,0,0,0,0,0,2,3493,1567872926
1701966865290,sensor-4,132,88,null,0,0,0,32062,0,6,5,4,4,0,6,7,1,0,6,5,4,0,0,0,0,0,0,4,5,4,0,0,0,0,0,0,0,2,3493,1567873826
1701967765200,sensor-4,133,88,null,0,0,0,31937,0,8,5,4,-1,219,5,7,2,0,5,5,4,0,0,0,0,0,0,6,5,4,0,0,0,0,0,0,0,2,3493,1567874726
1701968665661,sensor-4,134,88,null,0,0,0,31812,0,6,5,4,-6,86,5,7,1,0,5,4,3,0,0,0,0,0,0,6,5,4,0,0,0,0,0,0,0,2,3493,1567875626
1701969565296,sensor-4,135,88,null,0,0,0,31750,0,6,5,4,-3,117,3,7,1,0,5,5,4,0,0,0,0,0,0,6,5,4,0,0,0,0,0,0,0,2,3493,1567876526
1701970465240,sensor-4,136,88,null,0,0,0,31687,0,7,5,4,8,111,13,7,1,0,7,4,3,0,0,0,0,0,0,5,5,4,0,0,0,0,0,0,0,2,3493,1567877426
1701971365158,sensor-4,137,88,null,0,0,0,31562,0,5,5,4,7,22,9,7,1,0,5,4,3,0,0,0,0,0,0,8,5,4,0,0,0,0,0,0,0,2,3493,1567878326
1701972265748,sensor-4,138,88,null,0,0,0,31437,0,8,5,4,0,22,12,7,2,0,5,5,4,0,0,0,0,0,0,7,5,4,0,0,0,0,0,0,0,2,3493,1567879226
1701973165665,sensor-4,139,88,null,0,0,0,31437,0,5,5,4,-10,338,6,7,1,0,5,5,4,0,0,0,0,0,0,4,5,4,0,0,0,0,0,0,0,2,3493,1567880126
1701974066126,sensor-4,140,88,null,0,0,0,31375,0,5,5,4,9,115,10,7,0,0,6,4,3,0,0,0,0,0,0,8,5,4,0,0,0,0,0,0,0,2,3493,1567881026
1701974966389,sensor-4,141,88,null,0,0,0,31312,0,6,5,4,-10,339,16,7,1,0,4,5,4,0,0,0,0,0,0,6,5,4,0,0,0,0,0,0,0,2,3493,1567881926
1701975865582,sensor-4,142,88,null,0,0,0,31187,0,5,5,4,2,252,9,7,1,0,5,5,4,0,0,0,0,0,0,5,5,4,0,0,0,0,0,0,0,2,3493,1567882826
1701976765919,sensor-4,143,88,null,0,0,0,31125,0,7,5,4,2,203,8,7,2,0,4,5,4,0,0,0,0,0,0,6,5,4,0,0,0,0,0,0,0,2,3493,1567883727
1701977664655,sensor-4,144,88,null,0,0,0,31062,0,5,5,4,12,243,15,7,1,0,7,5,4,0,0,0,0,0,0,5,5,4,0,0,0,0,0,0,0,2,3493,1567884626
1701978564853,sensor-4,145,88,null,0,0,0,31062,0,7,5,4,13,44,9,7,2,0,6,4,3,0,0,0,0,0,0,8,5,4,0,0,0,0,0,0,0,2,3493,1567885526
1701979465013,sensor-4,146,88,null,0,0,0,31000,0,7,5,4,0,217,9,7,1,0,8,4,3,0,0,0,0,0,0,7,5,4,0,0,0,0,0,0,0,2,3493,1567886426
1701980364817,sensor-4,147,88,null,0,0,0,30937,0,7,5,4,5,177,5,7,2,0,6,5,4,0,0,0,0,0,0,7,5,4,0,0,0,0,0,0,0,2,3493,1567887326
1701981264742,sensor-4,148,88,null,0,0,0,30937,0,6,5,4,10,110,4,7,1,0,5,5,4,0,0,0,0,0,0,6,5,4,0,0,0,0,0,0,0,2,3493,1567888226
1701982164990,sensor-4,149,88,null,0,0,0,30875,0,5,5,4,-12,222,10,7,1,0,8,5,4,0,0,0,0,0,0,8,5,4,0,0,0,0,0,0,0,2,3493,1567889126
1701983065271,sensor-4,150,88,null,0,0,0,30812,0,6,5,4,-7,195,0,7,2,0,7,5,4,0,0,0,0,0,0,6,5,4,0,0,0,0,0,0,0,2,3493,1567890026
1701983964760,sensor-4,151,88,null,0,0,0,30750,0,6,5,4,-3,43,6,7,1,0,5,5,4,0,0,0,0,0,0,6,5,4,0,0,0,0,0,0,0,2,3493,1567890926
1701984865250,sensor-4,152,88,null,0,0,0,30750,0,8,5,4,-7,87,10,7,1,0,7,5,4,0,0,0,0,0,0,8,5,4,0,0,0,0,0,0,0,2,3493,1567891826
1701985764760,sensor-4,153,88,null,0,0,0,30750,0,6,5,4,5,0,5,7,1,0,6,4,3,0,0,0,0,0,0,9,5,4,0,0,0,0,0,0,0,2,3493,1567892726
1701986664851,sensor-4,154,88,null,0,0,0,30625,0,6,5,4,-7,69,6,7,1,0,7,5,4,0,0,0,0,0,0,5,5,4,0,0,0,0,0,0,0,2,3493,1567893626
1701987565482,sensor-4,155,88,null,0,0,0,30562,0,7,5,4,-5,173,2,7,1,0,7,5,4,0,0,0,0,0,0,6,5,4,0,0,0,0,0,0,0,2,3493,1567894526
1701988464783,sensor-4,156,88,null,0,0,0,30500,0,7,5,4,-16,181,2,7,1,0,5,4,3,0,0,0,0,0,0,6,5,4,0,0,0,0,0,0,0,2,3493,1567895426
1701989364772,sensor-4,157,88,null,0,0,0,30375,0,7,5,4,7,129,1,7,2,0,6,4,3,0,0,0,0,0,0,7,5,4,0,0,0,0,0,0,0,2,3493,1567896327
1701990264311,sensor-4,158,88,null,0,0,0,30375,0,6,5,4,-26,116,4,7,2,0,7,4,3,0,0,0,0,0,0,6,5,4,0,0,0,0,0,0,0,2,3493,1567897226
1701991164194,sensor-4,159,88,null,0,0,0,30250,0,6,5,4,-7,217,8,7,1,0,7,5,4,0,0,0,0,0,0,6,5,4,0,0,0,0,0,0,0,2,3493,1567898126
1701992064180,sensor-4,160,88,null,0,0,0,30250,0,5,5,4,-10,186,5,7,1,0,5,4,3,0,0,0,0,0,0,7,5,4,0,0,0,0,0,0,0,2,3493,1567899026
1701992964047,sensor-4,161,88,null,0,0,0,30187,0,7,5,4,7,112,12,7,2,0,7,5,4,0,0,0,0,0,0,6,5,4,0,0,0,0,0,0,0,2,3493,1567899926
1701993864173,sensor-4,162,88,null,0,0,0,30187,0,5,5,4,-4,90,2,7,1,0,6,4,3,0,0,0,0,0,0,8,5,4,0,0,0,0,0,0,0,2,3493,1567900826
1701994764143,sensor-4,163,88,null,0,0,0,30125,0,6,5,4,1,196,7,7,1,0,6,5,4,0,0,0,0,0,0,5,5,4,0,0,0,0,0,0,0,2,3493,1567901726
1701995664305,sensor-4,164,88,null,0,0,0,30125,0,6,5,4,-13,86,2,7,1,0,4,5,4,0,0,0,0,0,0,5,5,4,0,0,0,0,0,0,0,2,3493,1567902626
1701996563937,sensor-4,165,88,null,0,0,0,30062,0,6,5,4,1,69,3,7,2,0,6,5,4,0,0,0,0,0,0,6,5,4,0,0,0,0,0,0,0,2,3493,1567903526
1701997464589,sensor-4,166,88,null,0,0,0,29937,0,6,5,4,5,349,9,7,1,0,6,5,4,0,0,0,0,0,0,7,5,4,0,0,0,0,0,0,0,2,3493,1567904426
1701998364411,sensor-4,167,88,null,0,0,0,29875,0,6,5,4,0,117,9,7,2,0,7,5,4,0,0,0,0,0,0,5,5,4,0,0,0,0,0,0,0,2,3493,1567905326
1701999265036,sensor-4,168,88,null,0,0,0,29875,0,7,5,4,7,220,11,7,2,0,8,5,4,0,0,0,0,0,0,7,5,4,0,0,0,0,0,0,0,2,3493,1567906226
1702000164069,sensor-4,169,88,null,0,0,0,29875,0,6,5,4,0,44,0,7,1,0,5,5,4,0,0,0,0,0,0,9,5,4,0,0,0,0,0,0,0,2,3493,1567907126
1702001064190,sensor-4,170,88,null,0,0,0,29937,0,5,5,4,9,357,7,7,1,0,7,5,4,0,0,0,0,0,0,6,5,4,0,0,0,0,0,0,0,2,3493,1567908027
1702001963537,sensor-4,171,88,null,0,0,0,29937,0,5,5,4,0,67,7,7,0,0,6,5,4,0,0,0,0,0,0,6,5,4,0,0,0,0,0,0,0,2,3493,1567908926
1702002863456,sensor-4,172,88,null,0,0,0,30000,0,4,5,4,-7,215,-1,7,1,0,5,4,3,0,0,0,0,0,0,5,5,4,0,0,0,0,0,0,0,2,3493,1567909826
1702003763154,sensor-4,173,88,null,0,0,0,30062,0,5,5,4,3,0,9,7,1,0,6,4,3,0,0,0,0,0,0,7,5,4,0,0,0,0,0,0,0,2,3493,1567910726
1702004663299,sensor-4,174,88,null,0,0,0,30062,0,7,5,4,-1,211,5,7,2,0,5,4,3,0,0,0,0,0,0,6,5,4,0,0,0,0,0,0,0,2,3493,1567911626
1702005563604,sensor-4,175,88,null,0,0,0,30062,0,6,5,4,0,23,8,7,1,0,6,4,3,0,0,0,0,0,0,6,5,4,0,0,0,0,0,0,0,2,3493,1567912526
1702006463176,sensor-4,176,88,null,0,0,0,30125,0,6,5,4,10,113,5,7,1,0,6,5,4,0,0,0,0,0,0,7,5,4,0,0,0,0,0,0,0,2,3493,1567913426
1702007363410,sensor-4,177,88,null,0,0,0,30125,0,6,5,4,6,87,1,7,1,0,5,5,4,0,0,0,0,0,0,5,5,4,0,0,0,0,0,0,0,2,3493,1567914326
1702008263272,sensor-4,178,88,null,0,0,0,30125,0,6,5,4,-16,172,9,7,1,0,9,5,4,0,0,0,0,0,0,7,5,4,0,0,0,0,0,0,0,2,3493,1567915226
1702009163352,sensor-4,179,88,null,0,0,0,30187,0,6,5,4,-11,160,-3,7,1,0,9,5,4,0,0,0,0,0,0,7,5,4,0,0,0,0,0,0,0,2,3493,1567916126
1702010063729,sensor-4,180,88,null,0,0,0,30250,0,5,5,4,-4,137,15,7,1,0,6,5,4,0,0,0,0,0,0,6,7,5,0,0,0,0,0,0,0,2,3493,1567917026
1702010963337,sensor-4,181,88,null,0,0,0,30312,0,7,5,4,5,131,16,7,1,0,5,5,4,0,0,0,0,0,0,7,7,5,0,0,0,0,0,0,0,2,3493,1567917926
1702011863373,sensor-4,182,88,null,0,0,0,30375,0,7,5,4,-1,21,2,7,1,0,6,5,4,0,0,0,0,0,0,7,7,5,0,0,0,0,0,0,0,2,3493,1567918826
1702012763067,sensor-4,183,88,null,0,0,0,30500,0,6,5,4,-5,132,6,7,1,0,8,5,4,0,0,0,0,0,0,7,7,5,0,0,0,0,0,0,0,2,3493,1567919727
1702013662116,sensor-4,184,88,null,0,0,0,30562,0,7,5,4,-21,63,3,7,1,0,6,5,4,0,0,0,0,0,0,6,5,4,0,0,0,0,0,0,0,2,3493,1567920626
1702014562521,sensor-4,185,88,null,0,0,0,30687,0,6,5,4,0,447,3,7,2,0,8,5,4,0,0,0,0,0,0,9,7,5,0,0,0,0,0,0,0,2,3493,1567921526
1702015462340,sensor-4,186,88,null,0,0,0,30750,0,7,5,4,-2,21,4,7,1,0,7,5,4,0,0,0,0,0,0,6,7,5,0,0,0,0,0,0,0,2,3493,1567922426
1702016362521,sensor-4,187,88,null,0,0,0,30875,0,6,5,4,2,149,0,7,1,0,7,5,4,0,0,0,0,0,0,8,7,5,0,0,0,0,0,0,0,2,3493,1567923326
1702017262616,sensor-4,188,88,null,0,0,0,31000,0,7,5,4,-13,0,4,7,1,0,7,5,4,0,0,0,0,0,0,7,5,4,0,0,0,0,0,0,0,2,3493,1567924226
1702018162821,sensor-4,189,88,null,0,0,0,31062,0,8,5,4,-9,156,14,7,2,0,7,5,4,0,0,0,0,0,0,7,5,4,0,0,0,0,0,0,0,2,3493,1567925126
1702019062760,sensor-4,190,88,null,0,0,0,31187,0,7,5,4,-6,150,9,7,1,0,6,5,4,0,0,0,0,0,0,8,5,4,0,0,0,0,0,0,0,2,3493,1567926026
1702019962924,sensor-4,191,88,null,0,0,0,31312,0,5,5,4,-11,22,5,7,1,0,6,5,4,0,0,0,0,0,0,7,5,4,0,0,0,0,0,0,0,2,3493,1567926926
1702020862589,sensor-4,192,88,null,0,0,0,31437,0,6,5,4,-4,68,5,7,1,0,6,4,3,0,0,0,0,0,0,6,5,4,0,0,0,0,0,0,0,2,3493,1567927826
1702021762582,sensor-4,193,88,null,0,0,0,31562,0,9,5,4,-3,0,0,7,3,0,5,5,4,0,0,0,0,0,0,6,5,4,0,0,0,0,0,0,0,2,3493,1567928726
1702022662728,sensor-4,194,88,null,0,0,0,31625,0,8,5,4,-17,129,13,7,1,0,6,5,4,0,0,0,0,0,0,5,5,4,0,0,0,0,0,0,0,2,3493,1567929626
1702023562827,sensor-4,195,88,null,0,0,0,31625,0,6,5,4,-10,0,8,7,1,0,6,5,4,0,0,0,0,0,0,5,5,4,0,0,0,0,0,0,0,2,3493,1567930526
1702024462798,sensor-4,196,88,null,0,0,0,31625,0,7,5,4,11,22,10,7,2,0,6,5,4,0,0,0,0,0,0,8,7,5,0,0,0,0,0,0,0,2,3493,1567931426
1702025362888,sensor-4,197,88,null,0,0,0,31625,0,6,5,4,1,22,10,7,1,0,7,5,4,0,0,0,0,0,0,9,7,5,0,0,0,0,0,0,0,2,3493,1567932327
1702026261807,sensor-4,198,88,null,0,0,0,31625,0,6,5,4,-14,107,2,7,2,0,7,5,4,0,0,0,0,0,0,7,5,4,0,0,0,0,0,0,0,2,3493,1567933226
1702027161530,sensor-4,199,88,null,0,0,0,31625,0,5,5,4,0,89,7,7,1,0,6,4,3,0,0,0,0,0,0,6,5,4,0,0,0,0,0,0,0,2,3493,1567934126
1702028061767,sensor-4,200,88,null,0,0,0,31625,0,8,5,4,-17,223,1,7,2,0,5,5,4,0,0,0,0,0,0,8,5,4,0,0,0,0,0,0,0,2,3493,1567935026
1702028961774,sensor-4,201,88,null,0,0,0,31687,0,5,5,4,-12,43,1,7,1,0,5,5,4,0,0,0,0,0,0,7,5,4,0,0,0,0,0,0,0,2,3493,1567935926
1702029861814,sensor-4,202,88,null,0,0,0,31687,0,9,5,4,0,124,4,7,2,0,7,5,4,0,0,0,0,0,0,5,5,4,0,0,0,0,0,0,0,2,3493,1567936826
1702030761818,sensor-4,203,88,null,0,0,0,31687,0,9,5,4,-3,198,15,7,1,0,9,5,4,0,0,0,0,0,0,9,8,6,0,0,0,0,0,0,0,2,3493,1567937726
1702031661866,sensor-4,204,88,null,0,0,0,31625,0,9,5,4,13,190,8,7,1,0,10,5,4,0,0,0,0,0,0,8,7,5,0,0,0,0,0,0,0,2,3493,1567938626
1702032561845,sensor-4,205,88,null,0,0,0,31625,0,8,5,4,2,206,6,7,1,0,10,5,4,0,0,0,0,0,0,7,5,4,0,0,0,0,0,0,0,2,3493,1567939526
1702033461863,sensor-4,206,88,null,0,0,0,31500,0,10,5,4,10,83,12,7,2,0,10,5,4,0,0,0,0,0,0,6,7,5,0,0,0,0,0,0,0,2,3493,1567940426
1702034361938,sensor-4,207,88,null,0,0,0,31437,0,6,5,4,-7,223,6,7,1,0,5,4,3,0,0,0,0,0,0,5,5,4,0,0,0,0,0,0,0,2,3493,1567941326
1702035262082,sensor-4,208,88,null,0,0,0,31375,0,8,5,4,10,152,10,7,2,0,6,5,4,0,0,0,0,0,0,6,5,4,0,0,0,0,0,0,0,2,3493,1567942226
1702036161984,sensor-4,209,88,null,0,0,0,31312,0,5,5,4,-1,350,6,7,1,0,7,5,4,0,0,0,0,0,0,5,5,4,0,0,0,0,0,0,0,2,3493,1567943126
1702037062068,sensor-4,210,88,null,0,0,0,31187,0,4,5,4,-6,225,10,7,1,0,6,5,4,0,0,0,0,0,0,7,5,4,0,0,0,0,0,0,0,2,3493,1567944027
1702037961542,sensor-4,211,88,null,0,0,0,31062,0,6,5,4,-15,154,12,7,1,0,6,5,4,0,0,0,0,0,0,6,5,4,0,0,0,0,0,0,0,2,3493,1567944926
1702038861339,sensor-4,212,88,null,0,0,0,30937,0,6,5,4,-3,86,3,7,1,0,6,5,4,0,0,0,0,0,0,6,5,4,0,0,0,0,0,0,0,2,3493,1567945826
1702039760830,sensor-4,213,88,null,0,0,0,30812,0,7,5,4,5,89,13,7,2,0,7,5,4,0,0,0,0,0,0,8,5,4,0,0,0,0,0,0,0,2,3493,1567946726
1702040660960,sensor-4,214,88,null,0,0,0,30750,0,8,5,4,-7,300,12,7,2,0,6,5,4,0,0,0,0,0,0,9,9,7,0,0,0,0,0,0,0,2,3493,1567947626
1702041560913,sensor-4,215,88,null,0,0,0,30687,0,8,5,4,-3,173,4,7,1,0,7,5,4,0,0,0,0,0,0,7,8,6,0,0,0,0,0,0,0,2,3493,1567948526
1702042466549,sensor-4,216,88,null,0,0,0,30562,0,7,5,4,-9,89,2,7,2,0,6,5,4,0,0,0,0,0,0,5,5,4,0,0,0,0,0,0,0,2,3493,1567949426
1702043361169,sensor-4,217,88,null,0,0,0,30500,0,7,5,4,-13,22,-2,7,1,0,6,5,4,0,0,0,0,0,0,8,7,5,0,0,0,0,0,0,0,2,3493,1567950326
1702044261403,sensor-4,218,88,null,0,0,0,30437,0,7,5,4,-12,247,9,7,1,0,5,5,4,0,0,0,0,0,0,6,8,6,0,0,0,0,0,0,0,2,3493,1567951226
1702045161246,sensor-4,219,88,null,0,0,0,30375,0,7,5,4,-13,194,2,7,1,0,7,5,4,0,0,0,0,0,0,6,8,6,0,0,0,0,0,0,0,2,3493,1567952126
1702046061227,sensor-4,220,88,null,0,0,0,30375,0,6,5,4,-8,22,0,7,1,0,6,5,4,0,0,0,0,0,0,6,9,7,0,0,0,0,0,0,0,2,3493,1567953026
1702046961227,sensor-4,221,88,null,0,0,0,30312,0,8,5,4,-12,339,6,7,1,0,7,5,4,0,0,0,0,0,0,7,7,5,0,0,0,0,0,0,0,2,3493,1567953926
1702047861321,sensor-4,222,88,null,0,0,0,30187,0,8,5,4,2,42,6,7,1,0,6,5,4,0,0,0,0,0,0,7,8,6,0,0,0,0,0,0,0,2,3493,1567954826
1702048761355,sensor-4,223,88,null,0,0,0,30187,0,8,5,4,8,65,3,7,1,0,7,5,4,0,0,0,0,0,0,6,7,5,0,0,0,0,0,0,0,2,3493,1567955726
1702049661708,sensor-4,224,88,null,0,0,0,30062,0,6,5,4,-2,45,2,7,1,0,7,4,3,0,0,0,0,0,0,7,5,4,0,0,0,0,0,0,0,2,3493,1567956627
1702050560317,sensor-4,225,88,null,0,0,0,30000,0,6,5,4,1,300,7,7,2,0,6,4,3,0,0,0,0,0,0,7,5,4,0,0,0,0,0,0,0,2,3493,1567957526
1702051460485,sensor-4,226,88,null,0,0,0,29937,0,6,5,4,-7,232,6,7,1,0,6,5,4,0,0,0,0,0,0,7,5,4,0,0,0,0,0,0,0,2,3493,1567958426
1702052360520,sensor-4,227,88,null,0,0,0,29875,0,6,5,4,1,111,7,7,1,0,6,5,4,0,0,0,0,0,0,9,8,6,0,0,0,0,0,0,0,2,3493,1567959326
1702053260480,sensor-4,228,88,null,0,0,0,29875,0,6,5,4,-1,89,9,7,1,0,6,5,4,0,0,0,0,0,0,7,7,5,0,0,0,0,0,0,0,2,3493,1567960226
1702054160494,sensor-4,229,88,null,0,0,0,29875,0,6,5,4,2,23,7,7,1,0,6,5,4,0,0,0,0,0,0,7,8,6,0,0,0,0,0,0,0,2,3493,1567961126
1702055060378,sensor-4,230,88,null,0,0,0,29812,0,7,5,4,2,202,2,7,2,0,5,5,4,0,0,0,0,0,0,6,7,5,0,0,0,0,0,0,0,2,3493,1567962026
1702055960781,sensor-4,231,88,null,0,0,0,29750,0,7,5,4,-14,151,10,7,1,0,6,4,3,0,0,0,0,0,0,6,7,5,0,0,0,0,0,0,0,2,3493,1567962926
1702056860438,sensor-4,232,88,null,0,0,0,29687,0,8,5,4,-6,243,4,7,1,0,5,5,4,0,0,0,0,0,0,7,7,5,0,0,0,0,0,0,0,2,3493,1567963826
1702057760707,sensor-4,233,88,null,0,0,0,29625,0,8,5,4,-9,236,2,7,1,0,6,4,3,0,0,0,0,0,0,7,7,5,0,0,0,0,0,0,0,2,3493,1567964726
1702058660736,sensor-4,234,88,null,0,0,0,29625,0,9,5,4,-9,215,4,7,1,0,9,5,4,0,0,0,0,0,0,9,8,6,0,0,0,0,0,0,0,2,3493,1567965626
1702059560324,sensor-4,235,88,null,0,0,0,29625,0,10,5,4,1,84,7,7,1,0,9,5,4,0,0,0,0,0,0,7,8,6,0,0,0,0,0,0,0,2,3493,1567966526
1702060460963,sensor-4,236,88,null,0,0,0,29562,0,8,5,4,-1,22,7,7,1,0,7,5,4,0,0,0,0,0,0,7,7,5,0,0,0,0,0,0,0,2,3493,1567967426
1702061360705,sensor-4,237,88,null,0,0,0,29562,0,7,5,4,9,130,5,7,1,0,6,5,4,0,0,0,0,0,0,8,7,5,0,0,0,0,0,0,0,2,3493,1567968327
1702062259553,sensor-4,238,88,null,0,0,0,29500,0,7,5,4,12,42,12,7,1,0,6,5,4,0,0,0,0,0,0,7,7,5,0,0,0,0,0,0,0,2,3493,1567969226
1702063159717,sensor-4,239,88,null,0,0,0,29437,0,7,5,4,0,0,7,7,1,0,11,5,4,0,0,0,0,0,0,10,5,4,0,0,0,0,0,0,0,2,3493,1567970126
1702064059615,sensor-4,240,88,null,0,0,0,29437,0,6,5,4,2,43,9,7,1,0,15,5,4,0,0,0,0,0,0,15,7,5,0,0,0,0,0,0,0,2,3493,1567971026
1702064959699,sensor-4,241,88,null,0,0,0,29375,0,8,5,4,0,274,6,7,2,0,10,5,4,0,0,0,0,0,0,11,8,6,0,0,0,0,0,0,0,2,3493,1567971926
1702065859900,sensor-4,242,88,null,0,0,0,29375,0,10,5,4,-11,241,7,7,2,0,10,5,4,0,0,0,0,0,0,9,7,5,0,0,0,0,0,0,0,2,3493,1567972826
1702066759833,sensor-4,243,88,null,0,0,0,29312,0,10,5,4,-12,210,0,7,3,0,6,5,4,0,0,0,0,0,0,7,5,4,0,0,0,0,0,0,0,2,3493,1567973726
1702067659314,sensor-4,244,88,null,0,0,0,29312,0,6,5,4,-8,66,1,7,1,0,9,5,4,0,0,0,0,0,0,8,7,5,0,0,0,0,0,0,0,2,3493,1567974626
1702068559758,sensor-4,245,88,null,0,0,0,29250,0,8,5,4,-16,197,0,7,2,0,8,5,4,0,0,0,0,0,0,8,8,6,0,0,0,0,0,0,0,2,3493,1567975526
1702069460179,sensor-4,246,88,null,0,0,0,29250,0,7,5,4,-11,226,4,7,1,0,5,5,4,0,0,0,0,0,0,6,7,5,0,0,0,0,0,0,0,2,3493,1567976426
1702070359837,sensor-4,247,88,null,0,0,0,29250,0,8,5,4,-9,213,2,7,1,0,7,5,4,0,0,0,0,0,0,7,7,5,0,0,0,0,0,0,0,2,3493,1567977326
1702071259865,sensor-4,248,88,null,0,0,0,29187,0,9,5,4,-16,21,9,7,1,0,7,5,4,0,0,0,0,0,0,6,8,6,0,0,0,0,0,0,0,2,3493,1567978226
1702072159635,sensor-4,249,88,null,0,0,0,29125,0,6,5,4,4,89,11,7,1,0,6,5,4,0,0,0,0,0,0,6,7,5,0,0,0,0,0,0,0,2,3493,1567979126
1702073060331,sensor-4,250,88,null,0,0,0,29125,0,6,5,4,-5,0,5,7,1,0,5,5,4,0,0,0,0,0,0,6,5,4,0,0,0,0,0,0,0,2,3493,1567980027
1702073958919,sensor-4,251,88,null,0,0,0,29125,0,7,5,4,3,64,1,7,1,0,6,5,4,0,0,0,0,0,0,7,8,6,0,0,0,0,0,0,0,2,3493,1567980926
1702074858899,sensor-4,252,88,null,0,0,0,29062,0,6,5,4,-9,313,6,7,1,0,6,5,4,0,0,0,0,0,0,7,7,5,0,0,0,0,0,0,0,2,3493,1567981826
1702075758795,sensor-4,253,88,null,0,0,0,29062,0,8,5,4,1,232,3,7,2,0,6,5,4,0,0,0,0,0,0,6,7,5,0,0,0,0,0,0,0,2,3493,1567982726
1702076659070,sensor-4,254,88,null,0,0,0,29000,0,7,5,4,-9,0,2,7,1,0,7,5,4,0,0,0,0,0,0,6,5,4,0,0,0,0,0,0,0,2,3493,1567983626
1702077559460,sensor-4,255,88,null,0,0,0,28937,0,6,5,4,-12,157,-1,7,1,0,6,5,4,0,0,0,0,0,0,8,7,5,0,0,0,0,0,0,0,2,3493,1567984526
1702078458948,sensor-4,0,88,null,0,0,0,28937,0,6,5,4,-7,21,10,7,1,0,6,5,4,0,0,0,0,0,0,8,7,5,0,0,0,0,0,0,0,2,3493,1567985426
1702079359050,sensor-4,1,88,null,0,0,0,28937,0,8,5,4,-4,22,8,7,2,0,5,5,4,0,0,0,0,0,0,6,7,5,0,0,0,0,0,0,0,2,3493,1567986326
1702080259222,sensor-4,2,88,null,0,0,0,28937,0,5,5,4,-2,225,2,7,1,0,7,5,4,0,0,0,0,0,0,8,7,5,0,0,0,0,0,0,0,2,3493,1567987226
1702081159239,sensor-4,3,88,null,0,0,0,28937,0,5,5,4,-13,264,10,7,1,0,6,4,3,0,0,0,0,0,0,6,5,4,0,0,0,0,0,0,0,2,3493,1567988126
1702082059205,sensor-4,4,88,null,0,0,0,28937,0,6,5,4,-1,92,-3,7,1,0,6,5,4,0,0,0,0,0,0,7,5,4,0,0,0,0,0,0,0,2,3493,1567989026
1702082958973,sensor-4,5,88,null,0,0,0,28937,0,7,5,4,-2,88,2,7,2,0,6,5,4,0,0,0,0,0,0,5,5,4,0,0,0,0,0,0,0,2,3493,1567989926
1702083859010,sensor-4,6,88,null,0,0,0,28875,0,6,5,4,-16,87,1,7,1,0,7,5,4,0,0,0,0,0,0,8,7,5,0,0,0,0,0,0,0,2,3493,1567990826
1702084759507,sensor-4,7,88,null,0,0,0,28937,0,6,5,4,-1,131,5,7,1,0,6,5,4,0,0,0,0,0,0,6,7,5,0,0,0,0,0,0,0,2,3493,1567991726
1702085659156,sensor-4,8,88,null,0,0,0,28875,0,7,5,4,0,235,6,7,1,0,6,5,4,0,0,0,0,0,0,10,7,5,0,0,0,0,0,0,0,2,3493,1567992627
1702086558330,sensor-4,9,88,null,0,0,0,28875,0,7,5,4,-18,22,0,7,1,0,7,5,4,0,0,0,0,0,0,7,7,5,0,0,0,0,0,0,0,2,3493,1567993526
1702087457956,sensor-4,10,88,null,0,0,0,28875,0,7,5,4,-6,67,3,7,2,0,8,5,4,0,0,0,0,0,0,7,7,5,0,0,0,0,0,0,0,2,3493,1567994426
1702088358262,sensor-4,11,88,null,0,0,0,28875,0,6,5,4,-1,42,6,8,1,0,6,5,4,0,0,0,0,0,0,8,5,4,0,0,0,0,0,0,0,2,3493,1567995326
1702089258167,sensor-4,12,88,null,0,0,0,28875,0,6,5,4,-4,128,1,7,1,0,5,5,4,0,0,0,0,0,0,6,5,4,0,0,0,0,0,0,0,2,3493,1567996226
1702090158186,sensor-4,13,88,null,0,0,0,28875,0,9,5,4,1,205,0,7,2,0,5,5,4,0,0,0,0,0,0,7,5,4,0,0,0,0,0,0,0,2,3493,1567997126
1702091058254,sensor-4,14,88,null,0,0,0,28937,0,7,5,4,-8,335,2,7,1,0,6,5,4,0,0,0,0,0,0,8,7,5,0,0,0,0,0,0,0,2,3493,1567998026
1702091958375,sensor-4,15,88,null,0,0,0,28937,0,7,5,4,-18,22,7,7,2,0,7,5,4,0,0,0,0,0,0,8,5,4,0,0,0,0,0,0,0,2,3493,1567998926
1702092858355,sensor-4,16,88,null,0,0,0,29000,0,5,5,4,-13,210,-1,7,1,0,6,5,4,0,0,0,0,0,0,7,5,4,0,0,0,0,0,0,0,2,3493,1567999826
1702093758395,sensor-4,17,88,null,0,0,0,29062,0,8,5,4,6,153,16,7,2,0,6,5,4,0,0,0,0,0,0,7,7,5,0,0,0,0,0,0,0,2,3493,1568000726
1702094658212,sensor-4,18,88,null,0,0,0,29125,0,7,5,4,-21,66,0,7,2,0,6,5,4,0,0,0,0,0,0,8,7,5,0,0,0,0,0,0,0,2,3493,1568001626
1702095558305,sensor-4,19,88,null,0,0,0,29250,0,8,5,4,0,83,6,7,2,0,7,5,4,0,0,0,0,0,0,8,8,6,0,0,0,0,0,0,0,2,3493,1568002526
1702096458227,sensor-4,20,88,null,0,0,0,29375,0,10,5,4,-2,0,12,7,3,0,7,5,4,0,0,0,0,0,0,6,5,4,0,0,0,0,0,0,0,2,3493,1568003426
1702097358408,sensor-4,21,88,null,0,0,0,29500,0,8,5,4,-9,168,3,7,2,0,7,5,4,0,0,0,0,0,0,7,7,5,0,0,0,0,0,0,0,2,3493,1568004327
1702098257364,sensor-4,22,88,null,0,0,0,29625,0,7,5,4,-5,129,9,7,1,0,5,5,4,0,0,0,0,0,0,6,7,5,0,0,0,0,0,0,0,2,3493,1568005226
1702099157298,sensor-4,23,88,null,0,0,0,29750,0,11,7,5,6,76,13,7,1,0,9,5,4,0,0,0,0,0,0,8,7,5,0,0,0,0,0,0,0,2,3493,1568006126
1702100057757,sensor-4,24,88,null,0,0,0,29875,0,5,5,4,-1,181,3,7,1,0,6,5,4,0,0,0,0,0,0,7,7,5,0,0,0,0,0,0,0,2,3493,1568007026
1702100957255,sensor-4,25,88,null,0,0,0,30000,0,6,5,4,-6,232,11,7,1,0,7,4,3,0,0,0,0,0,0,4,5,4,0,0,0,0,0,0,0,2,3493,1568007926
1702101857337,sensor-4,26,88,null,0,0,0,30125,0,6,5,4,-7,242,12,7,1,0,5,5,4,0,0,0,0,0,0,7,5,4,0,0,0,0,0,0,0,2,3493,1568008826
1702102757584,sensor-4,27,88,null,0,0,0,30250,0,7,5,4,-8,133,6,7,1,0,5,4,3,0,0,0,0,0,0,6,5,4,0,0,0,0,0,0,0,2,3493,1568009726
1702103657558,sensor-4,28,88,null,0,0,0,30375,0,5,5,4,9,178,3,7,1,0,6,5,4,0,0,0,0,0,0,5,5,4,0,0,0,0,0,0,0,2,3493,1568010626
1702104557348,sensor-4,29,88,null,0,0,0,30437,0,5,5,4,0,302,9,7,1,0,6,5,4,0,0,0,0,0,0,5,5,4,0,0,0,0,0,0,0,2,3493,1568011526
1702105457789,sensor-4,30,88,null,0,0,0,30562,0,7,5,4,0,215,9,7,1,0,5,5,4,0,0,0,0,0,0,7,5,4,0,0,0,0,0,0,0,2,3493,1568012426
1702106357717,sensor-4,31,88,null,0,0,0,30687,0,7,5,4,0,220,3,7,2,0,7,5,4,0,0,0,0,0,0,7,5,4,0,0,0,0,0,0,0,2,3493,1568013326
1702107257880,sensor-4,32,88,null,0,0,0,30812,0,6,5,4,-1,45,9,7,1,0,4,4,3,0,0,0,0,0,0,6,5,4,0,0,0,0,0,0,0,2,3493,1568014226
1702108157505,sensor-4,33,88,null,0,0,0,30937,0,6,5,4,-12,0,2,7,1,0,4,5,4,0,0,0,0,0,0,5,5,4,0,0,0,0,0,0,0,2,3493,1568015126
1702109058022,sensor-4,34,88,null,0,0,0,31062,0,7,5,4,9,226,5,7,2,0,4,5,4,0,0,0,0,0,0,5,5,4,0,0,0,0,0,0,0,2,3493,1568016026
1702109957669,sensor-4,35,88,null,0,0,0,31187,0,6,5,4,-6,198,1,7,1,0,7,5,4,0,0,0,0,0,0,7,5,4,0,0,0,0,0,0,0,2,3493,1568016927
1702110856579,sensor-4,36,88,null,0,0,0,31312,0,6,5,4,-12,69,5,7,1,0,9,5,4,0,0,0,0,0,0,6,5,4,0,0,0,0,0,0,0,2,3493,1568017826
1702111756547,sensor-4,37,88,null,0,0,0,31437,0,6,5,4,-11,67,7,7,1,0,7,5,4,0,0,0,0,0,0,6,7,5,0,0,0,0,0,0,0,2,3493,1568018726
1702112656846,sensor-4,38,88,null,0,0,0,31562,0,6,5,4,1,200,1,7,1,0,6,5,4,0,0,0,0,0,0,6,5,4,0,0,0,0,0,0,0,2,3493,1568019626
1702113556547,sensor-4,39,88,null,0,0,0,31625,0,5,5,4,-5,175,1,7,1,0,6,5,4,0,0,0,0,0,0,6,5,4,0,0,0,0,0,0,0,2,3493,1568020526
1702114456632,sensor-4,40,88,null,0,0,0,31750,0,5,5,4,-9,89,2,7,1,0,6,5,4,0,0,0,0,0,0,8,7,5,0,0,0,0,0,0,0,2,3493,1568021426
1702115356540,sensor-4,41,88,null,0,0,0,31750,0,6,5,4,-2,126,0,7,1,0,6,5,4,0,0,0,0,0,0,8,7,5,0,0,0,0,0,0,0,2,3493,1568022326
1702116256614,sensor-4,42,88,null,0,0,0,31812,0,7,5,4,-1,64,5,7,2,0,6,5,4,0,0,0,0,0,0,8,7,5,0,0,0,0,0,0,0,2,3493,1568023226
1702117156634,sensor-4,43,88,null,0,0,0,31875,0,6,5,4,-6,66,9,7,1,0,6,5,4,0,0,0,0,0,0,5,7,5,0,0,0,0,0,0,0,2,3493,1568024126
1702118056824,sensor-4,44,88,null,0,0,0,31875,0,5,5,4,-7,108,5,7,1,0,5,5,4,0,0,0,0,0,0,7,7,5,0,0,0,0,0,0,0,2,3493,1568025026
1702118956742,sensor-4,45,88,null,0,0,0,31937,0,6,5,4,15,66,16,7,1,0,6,5,4,0,0,0,0,0,0,7,5,4,0,0,0,0,0,0,0,2,3493,1568025926
1702119856737,sensor-4,46,88,null,0,0,0,31937,0,5,5,4,-4,425,11,7,1,0,6,5,4,0,0,0,0,0,0,7,5,4,0,0,0,0,0,0,0,2,3493,1568026826
1702120756903,sensor-4,47,88,null,0,0,0,31937,0,7,5,4,-9,179,5,7,1,0,6,5,4,0,0,0,0,0,0,5,5,4,0,0,0,0,0,0,0,2,3493,1568027726
1702121656814,sensor-4,48,88,null,0,0,0,31937,0,5,5,4,-20,44,3,7,1,0,7,5,4,0,0,0,0,0,0,6,5,4,0,0,0,0,0,0,0,2,3493,1568028627
1702122556021,sensor-4,49,88,null,0,0,0,31937,0,5,5,4,-8,166,-3,7,1,0,5,5,4,0,0,0,0,0,0,6,5,4,0,0,0,0,0,0,0,2,3493,1568029526
1702123456027,sensor-4,50,88,null,0,0,0,31875,0,5,5,4,-1,22,4,7,1,0,6,5,4,0,0,0,0,0,0,5,5,4,0,0,0,0,0,0,0,2,3493,1568030426
1702124356023,sensor-4,51,88,null,0,0,0,31812,0,6,5,4,2,249,8,7,2,0,4,4,3,0,0,0,0,0,0,8,5,4,0,0,0,0,0,0,0,2,3493,1568031326
1702125255950,sensor-4,52,88,null,0,0,0,31750,0,6,5,4,0,486,0,7,1,0,5,5,4,0,0,0,0,0,0,6,5,4,0,0,0,0,0,0,0,2,3493,1568032226
1702126156048,sensor-4,53,88,null,0,0,0,31687,0,7,5,4,-10,132,8,7,2,0,5,5,4,0,0,0,0,0,0,6,5,4,0,0,0,0,0,0,0,2,3493,1568033126
1702127056074,sensor-4,54,88,null,0,0,0,31625,0,6,5,4,5,244,4,7,1,0,5,5,4,0,0,0,0,0,0,6,7,5,0,0,0,0,0,0,0,2,3493,1568034026
1702127956196,sensor-4,55,88,null,0,0,0,31500,0,6,5,4,-11,129,7,7,1,0,6,5,4,0,0,0,0,0,0,8,5,4,0,0,0,0,0,0,0,2,3493,1568034926
1702128856072,sensor-4,56,88,null,0,0,0,31375,0,7,5,4,11,68,6,7,2,0,6,5,4,0,0,0,0,0,0,6,5,4,0,0,0,0,0,0,0,2,3493,1568035826
1702129756205,sensor-4,57,88,null,0,0,0,31187,0,7,5,4,-13,44,6,7,2,0,7,4,3,0,0,0,0,0,0,6,5,4,0,0,0,0,0,0,0,2,3493,1568036726
1702130656410,sensor-4,58,88,null,0,0,0,31125,0,5,5,4,-6,23,11,7,1,0,7,5,4,0,0,0,0,0,0,5,5,4,0,0,0,0,0,0,0,2,3493,1568037626
1702131556730,sensor-4,59,88,null,0,0,0,31000,0,6,5,4,-9,91,0,7,1,0,6,5,4,0,0,0,0,0,0,6,5,4,0,0,0,0,0,0,0,2,3493,1568038526
1702132455793,sensor-4,60,88,null,0,0,0,30812,0,6,5,4,-4,87,3,7,1,0,5,5,4,0,0,0,0,0,0,6,5,4,0,0,0,0,0,0,0,2,3493,1568039426
1702133356190,sensor-4,61,88,null,0,0,0,30750,0,6,5,4,8,152,7,7,1,0,6,5,4,0,0,0,0,0,0,4,5,4,0,0,0,0,0,0,0,2,3493,1568040327
1702134255259,sensor-4,62,88,null,0,0,0,30625,0,6,5,4,-14,154,12,7,1,0,4,5,4,0,0,0,0,0,0,8,5,4,0,0,0,0,0,0,0,2,3493,1568041226
1702135155098,sensor-4,63,88,null,0,0,0,30562,0,6,5,4,-2,115,8,7,2,0,6,5,4,0,0,0,0,0,0,5,5,4,0,0,0,0,0,0,0,2,3493,1568042126
1702136055113,sensor-4,64,88,null,0,0,0,30500,0,5,5,4,-14,22,6,7,1,0,5,5,4,0,0,0,0,0,0,6,5,4,0,0,0,0,0,0,0,2,3493,1568043026
1702136955160,sensor-4,65,88,null,0,0,0,30437,0,5,5,4,-5,70,8,7,1,0,6,5,4,0,0,0,0,0,0,5,5,4,0,0,0,0,0,0,0,2,3493,1568043926
1702137855617,sensor-4,66,88,null,0,0,0,30312,0,5,5,4,-13,170,0,7,1,0,5,4,3,0,0,0,0,0,0,6,5,4,0,0,0,0,0,0,0,2,3493,1568044826
1702138755180,sensor-4,67,88,null,0,0,0,30187,0,6,5,4,3,260,4,7,1,0,4,5,4,0,0,0,0,0,0,5,5,4,0,0,0,0,0,0,0,2,3493,1568045726
1702139655256,sensor-4,68,88,null,0,0,0,30062,0,8,5,4,-12,65,8,7,2,0,7,4,3,0,0,0,0,0,0,6,5,4,0,0,0,0,0,0,0,2,3493,1568046626
1702140555234,sensor-4,69,88,null,0,0,0,30000,0,6,5,4,15,257,15,7,2,0,6,5,4,0,0,0,0,0,0,5,5,4,0,0,0,0,0,0,0,2,3493,1568047526
1702141455065,sensor-4,70,88,null,0,0,0,29937,0,6,5,4,11,66,6,7,1,0,5,4,3,0,0,0,0,0,0,8,5,4,0,0,0,0,0,0,0,2,3493,1568048426
1702142355252,sensor-4,71,88,null,0,0,0,29812,0,6,5,4,-1,65,12,7,1,0,6,5,4,0,0,0,0,0,0,7,5,4,0,0,0,0,0,0,0,2,3493,1568049326
1702143255317,sensor-4,72,88,null,0,0,0,29750,0,7,5,4,0,373,8,7,2,0,6,5,4,0,0,0,0,0,0,6,5,4,0,0,0,0,0,0,0,2,3493,1568050226
1702144155467,sensor-4,73,88,null,0,0,0,29687,0,5,5,4,5,0,8,7,1,0,5,4,3,0,0,0,0,0,0,6,5,4,0,0,0,0,0,0,0,2,3493,1568051126
1702145055496,sensor-4,74,88,null,0,0,0,29687,0,5,5,4,0,401,7,7,1,0,7,5,4,0,0,0,0,0,0,6,5,4,0,0,0,0,0,0,0,2,3493,1568052026
1702145955441,sensor-4,75,88,null,0,0,0,29625,0,6,5,4,2,21,4,7,1,0,5,5,4,0,0,0,0,0,0,7,5,4,0,0,0,0,0,0,0,2,3493,1568052927
1702146854481,sensor-4,76,88,null,0,0,0,29562,0,8,5,4,-11,155,-1,7,2,0,6,4,3,0,0,0,0,0,0,7,5,4,0,0,0,0,0,0,0,2,3493,1568053826
1702147754486,sensor-4,77,88,null,0,0,0,29562,0,7,5,4,-8,23,4,7,2,0,6,5,4,0,0,0,0,0,0,8,5,4,0,0,0,0,0,0,0,2,3493,1568054726
1702148654447,sensor-4,78,88,null,0,0,0,29562,0,6,5,4,2,65,6,7,1,0,7,5,4,0,0,0,0,0,0,9,5,4,0,0,0,0,0,0,0,2,3493,1568055626
1702149554602,sensor-4,79,88,null,0,0,0,29500,0,6,5,4,-1,200,5,7,2,0,8,5,4,0,0,0,0,0,0,6,5,4,0,0,0,0,0,0,0,2,3493,1568056526
1702150454522,sensor-4,80,88,null,0,0,0,29437,0,7,5,4,0,161,7,7,1,0,15,5,4,0,0,0,0,0,0,10,5,4,0,0,0,0,0,0,0,2,3493,1568057426
1702151354334,sensor-4,81,88,null,0,0,0,29375,0,9,5,4,-8,0,9,7,3,0,10,5,4,0,0,0,0,0,0,10,5,4,0,0,0,0,0,0,0,2,3493,1568058326
1702152254629,sensor-4,82,88,null,0,0,0,29312,0,7,5,4,-4,191,5,7,2,0,7,5,4,0,0,0,0,0,0,12,5,4,0,0,0,0,0,0,0,2,3493,1568059226
1702153154352,sensor-4,83,88,null,0,0,0,29250,0,5,5,4,-10,357,5,7,1,0,6,5,4,0,0,0,0,0,0,6,5,4,0,0,0,0,0,0,0,2,3493,1568060126
1702154054467,sensor-4,84,88,null,0,0,0,29187,0,7,5,4,-10,298,5,7,1,0,5,5,4,0,0,0,0,0,0,7,5,4,0,0,0,0,0,0,0,2,3493,1568061026
1702154954746,sensor-4,85,88,null,0,0,0,29187,0,6,5,4,-15,45,3,7,2,0,6,5,4,0,0,0,0,0,0,8,5,4,0,0,0,0,0,0,0,2,3493,1568061926
1702155854673,sensor-4,86,88,null,0,0,0,29125,0,7,5,4,0,88,2,7,2,0,7,5,4,0,0,0,0,0,0,6,5,4,0,0,0,0,0,0,0,2,3493,1568062826
1702156754391,sensor-4,87,88,null,0,0,0,29062,0,9,5,4,0,248,4,7,2,0,8,5,4,0,0,0,0,0,0,8,5,4,0,0,0,0,0,0,0,2,3493,1568063726
1702157654787,sensor-4,88,88,null,0,0,0,29000,0,7,5,4,-6,22,3,7,1,0,7,5,4,0,0,0,0,0,0,8,7,5,0,0,0,0,0,0,0,2,3493,1568064627
1702158553768,sensor-4,89,88,null,0,0,0,29000,0,7,5,4,-7,46,3,7,2,0,6,5,4,0,0,0,0,0,0,7,5,4,0,0,0,0,0,0,0,2,3493,1568065526
1702159453578,sensor-4,90,88,null,0,0,0,28937,0,6,5,4,-4,150,2,7,1,0,5,4,3,0,0,0,0,0,0,7,5,4,0,0,0,0,0,0,0,2,3493,1568066426
1702160353758,sensor-4,91,88,null,0,0,0,28875,0,5,5,4,3,0,10,7,1,0,6,5,4,0,0,0,0,0,0,6,5,4,0,0,0,0,0,0,0,2,3493,1568067326
1702161253710,sensor-4,92,88,null,0,0,0,28875,0,7,5,4,-5,141,5,7,2,0,6,5,4,0,0,0,0,0,0,9,5,4,0,0,0,0,0,0,0,2,3493,1568068226
1702162153571,sensor-4,93,88,null,0,0,0,28875,0,7,5,4,11,132,8,7,1,0,7,5,4,0,0,0,0,0,0,7,5,4,0,0,0,0,0,0,0,2,3493,1568069126
1702163054034,sensor-4,94,88,null,0,0,0,28812,0,6,5,4,6,0,0,7,1,0,5,5,4,0,0,0,0,0,0,7,5,4,0,0,0,0,0,0,0,2,3493,1568070026
1702163953503,sensor-4,95,88,null,0,0,0,28812,0,5,5,4,4,0,4,7,1,0,7,5,4,0,0,0,0,0,0,6,5,4,0,0,0,0,0,0,0,2,3493,1568070926
1702164853762,sensor-4,96,88,null,0,0,0,28750,0,4,5,4,-13,142,7,7,0,0,4,4,3,0,0,0,0,0,0,8,5,4,0,0,0,0,0,0,0,2,3493,1568071826
1702165753912,sensor-4,97,88,null,0,0,0,28750,0,5,5,4,-6,232,1,7,1,0,7,5,4,0,0,0,0,0,0,6,5,4,0,0,0,0,0,0,0,2,3493,1568072726
1702166653805,sensor-4,98,88,null,0,0,0,28750,0,5,5,4,8,135,5,7,1,0,4,5,4,0,0,0,0,0,0,7,5,4,0,0,0,0,0,0,0,2,3493,1568073626
1702167554029,sensor-4,99,88,null,0,0,0,28687,0,6,5,4,1,164,3,7,1,0,5,5,4,0,0,0,0,0,0,7,5,4,0,0,0,0,0,0,0,2,3493,1568074526
1702168453860,sensor-4,100,88,null,0,0,0,28687,0,5,5,4,0,226,2,7,1,0,7,5,4,0,0,0,0,0,0,7,5,4,0,0,0,0,0,0,0,2,3482,1568075426
1702169353892,sensor-4,101,88,null,0,0,0,28625,0,6,5,4,-9,240,5,7,1,0,6,4,3,0,0,0,0,0,0,8,5,4,0,0,0,0,0,0,0,2,3482,1568076327
1702170253210,sensor-4,102,88,null,0,0,0,28562,0,9,5,4,-5,0,-4,7,2,0,8,5,4,0,0,0,0,0,0,8,5,4,0,0,0,0,0,0,0,2,3482,1568077226
1702171153340,sensor-4,103,88,null,0,0,0,28562,0,9,5,4,10,43,6,7,2,0,7,5,4,0,0,0,0,0,0,8,5,4,0,0,0,0,0,0,0,2,3482,1568078126
1702172053388,sensor-4,104,88,null,0,0,0,28500,0,6,5,4,-7,131,5,7,1,0,6,5,4,0,0,0,0,0,0,7,5,4,0,0,0,0,0,0,0,2,3482,1568079026
1702172952820,sensor-4,105,88,null,0,0,0,28500,0,6,5,4,-5,307,3,7,1,0,5,4,3,0,0,0,0,0,0,5,5,4,0,0,0,0,0,0,0,2,3482,1568079926
1702173853065,sensor-4,106,88,null,0,0,0,28500,0,5,5,4,-1,177,2,7,1,0,6,4,3,0,0,0,0,0,0,6,5,4,0,0,0,0,0,0,0,2,3482,1568080826
1702174753226,sensor-4,107,88,null,0,0,0,28500,0,5,5,4,-9,0,6,7,1,0,4,4,3,0,0,0,0,0,0,5,5,4,0,0,0,0,0,0,0,2,3482,1568081726
1702175653099,sensor-4,108,88,null,0,0,0,28500,0,5,5,4,-1,44,8,7,1,0,6,4,3,0,0,0,0,0,0,6,5,4,0,0,0,0,0,0,0,2,3482,1568082626
1702176553066,sensor-4,109,88,null,0,0,0,28500,0,5,5,4,1,23,2,7,1,0,5,5,4,0,0,0,0,0,0,7,5,4,0,0,0,0,0,0,0,2,3482,1568083526
1702177453031,sensor-4,110,88,null,0,0,0,28562,0,5,5,4,-6,135,4,7,1,0,6,5,4,0,0,0,0,0,0,5,5,4,0,0,0,0,0,0,0,2,3482,1568084426
1702178352959,sensor-4,111,88,null,0,0,0,28562,0,5,5,4,-5,116,3,7,1,0,6,5,4,0,0,0,0,0,0,6,5,4,0,0,0,0,0,0,0,2,3482,1568085326
1702179253438,sensor-4,112,88,null,0,0,0,28625,0,6,5,4,6,451,3,7,1,0,7,5,4,0,0,0,0,0,0,7,5,4,0,0,0,0,0,0,0,2,3482,1568086226
1702180152919,sensor-4,113,88,null,0,0,0,28687,0,5,5,4,-14,22,0,7,1,0,9,5,4,0,0,0,0,0,0,6,5,4,0,0,0,0,0,0,0,2,3482,1568087126
1702181053229,sensor-4,114,88,null,0,0,0,28812,0,7,5,4,7,370,9,7,2,0,6,5,4,0,0,0,0,0,0,6,5,4,0,0,0,0,0,0,0,2,3482,1568088026
1702181953319,sensor-4,115,88,null,0,0,0,28937,0,7,5,4,-29,88,0,7,1,0,8,5,4,0,0,0,0,0,0,6,5,4,0,0,0,0,0,0,0,2,3482,1568088927
1702182852096,sensor-4,116,88,null,0,0,0,29062,0,6,5,4,2,94,2,7,1,0,6,5,4,0,0,0,0,0,0,6,5,4,0,0,0,0,0,0,0,2,3482,1568089826
1702183752221,sensor-4,117,88,null,0,0,0,29187,0,6,5,4,8,266,1,7,1,0,7,5,4,0,0,0,0,0,0,6,5,4,0,0,0,0,0,0,0,2,3482,1568090726
1702184652204,sensor-4,118,88,null,0,0,0,29375,0,9,5,4,-9,47,10,7,3,0,11,5,4,0,0,0,0,0,0,15,7,5,0,0,0,0,0,0,0,2,3482,1568091626
1702185552233,sensor-4,119,88,null,0,0,0,29562,0,6,5,4,-3,92,0,7,1,0,5,4,3,0,0,0,0,0,0,7,7,5,0,0,0,0,0,0,0,2,3482,1568092526
1702186452316,sensor-4,120,88,null,0,0,0,29687,0,8,5,4,-8,498,8,7,2,0,7,5,4,0,0,0,0,0,0,7,7,5,0,0,0,0,0,0,0,2,3482,1568093426
1702187352451,sensor-4,121,88,null,0,0,0,29812,0,7,5,4,-6,209,8,7,1,0,5,5,4,0,0,0,0,0,0,6,7,5,0,0,0,0,0,0,0,2,3482,1568094326
1702188252250,sensor-4,122,88,null,0,0,0,29937,0,5,5,4,-4,156,5,7,1,0,5,5,4,0,0,0,0,0,0,10,7,5,0,0,0,0,0,0,0,2,3482,1568095226
1702189152657,sensor-4,123,88,null,0,0,0,30062,0,5,5,4,-13,68,3,7,1,0,5,4,3,0,0,0,0,0,0,5,5,4,0,0,0,0,0,0,0,2,3482,1568096126
1702190052256,sensor-4,124,88,null,0,0,0,30187,0,8,5,4,0,290,11,7,2,0,6,5,4,0,0,0,0,0,0,7,8,6,0,0,0,0,0,0,0,2,3482,1568097026
1702190952558,sensor-4,125,88,null,0,0,0,30375,0,6,5,4,-7,309,6,7,1,0,6,5,4,0,0,0,0,0,0,9,7,5,0,0,0,0,0,0,0,2,3482,1568097926
1702191852326,sensor-4,126,88,null,0,0,0,30500,0,6,5,4,-14,134,10,7,1,0,7,5,4,0,0,0,0,0,0,6,8,6,0,0,0,0,0,0,0,2,3482,1568098826
1702192752359,sensor-4,127,88,null,0,0,0,30625,0,9,5,4,-13,22,13,7,2,0,6,5,4,0,0,0,0,0,0,6,7,5,0,0,0,0,0,0,0,2,3482,1568099726
1702193652513,sensor-4,128,88,null,0,0,0,30750,0,6,5,4,-19,23,5,7,1,0,6,5,4,0,0,0,0,0,0,9,8,6,0,0,0,0,0,0,0,2,3482,1568100627
1702194551340,sensor-4,129,88,null,0,0,0,30875,0,5,5,4,2,134,4,7,1,0,9,5,4,0,0,0,0,0,0,8,5,4,0,0,0,0,0,0,0,2,3482,1568101526
1702195451682,sensor-4,130,88,null,0,0,0,31062,0,7,5,4,-1,44,16,7,1,0,7,5,4,0,0,0,0,0,0,7,5,4,0,0,0,0,0,0,0,2,3482,1568102426
1702196351740,sensor-4,131,88,null,0,0,0,31062,0,7,5,4,-7,44,1,7,1,0,6,5,4,0,0,0,0,0,0,7,8,6,0,0,0,0,0,0,0,2,3482,1568103326
1702197251984,sensor-4,132,88,null,0,0,0,31125,0,8,5,4,5,89,2,7,2,0,10,5,4,0,0,0,0,0,0,10,8,6,0,0,0,0,0,0,0,2,3482,1568104226
1702198151597,sensor-4,133,88,null,0,0,0,31062,0,5,5,4,14,132,12,7,1,0,8,5,4,0,0,0,0,0,0,7,8,6,0,0,0,0,0,0,0,2,3482,1568105126
1702199051486,sensor-4,134,88,null,0,0,0,31125,0,6,5,4,-12,112,2,7,1,0,9,5,4,0,0,0,0,0,0,7,8,6,0,0,0,0,0,0,0,2,3482,1568106026
1702199951594,sensor-4,135,88,null,0,0,0,31187,0,6,5,4,-10,202,6,7,1,0,9,5,4,0,0,0,0,0,0,8,7,5,0,0,0,0,0,0,0,2,3482,1568106926
1702200851430,sensor-4,136,88,null,0,0,0,31312,0,8,5,4,-8,89,10,7,2,0,7,5,4,0,0,0,0,0,0,8,7,5,0,0,0,0,0,0,0,2,3482,1568107826
1702201751740,sensor-4,137,88,null,0,0,0,31375,0,7,5,4,8,198,11,7,2,0,6,5,4,0,0,0,0,0,0,8,7,5,0,0,0,0,0,0,0,2,3482,1568108726
1702202651548,sensor-4,138,88,null,0,0,0,31437,0,6,5,4,0,21,0,7,1,0,8,5,4,0,0,0,0,0,0,7,7,5,0,0,0,0,0,0,0,2,3482,1568109626
1702203551908,sensor-4,139,88,null,0,0,0,31500,0,6,5,4,8,67,8,7,1,0,6,5,4,0,0,0,0,0,0,6,5,4,0,0,0,0,0,0,0,2,3482,1568110526
1702204451698,sensor-4,140,88,null,0,0,0,31500,0,8,5,4,3,0,10,7,2,0,5,5,4,0,0,0,0,0,0,6,5,4,0,0,0,0,0,0,0,2,3482,1568111426
1702205351675,sensor-4,141,88,null,0,0,0,31375,0,6,5,4,0,87,7,7,1,0,5,5,4,0,0,0,0,0,0,5,5,4,0,0,0,0,0,0,0,2,3482,1568112327
1702206250758,sensor-4,142,88,null,0,0,0,31312,0,7,5,4,0,64,4,7,2,0,6,5,4,0,0,0,0,0,0,6,5,4,0,0,0,0,0,0,0,2,3482,1568113226
1702207150782,sensor-4,143,88,null,0,0,0,31062,0,9,5,4,1,378,7,7,2,0,9,5,4,0,0,0,0,0,0,7,5,4,0,0,0,0,0,0,0,2,3482,1568114126
1702208050663,sensor-4,144,88,null,0,0,0,30875,0,5,5,4,-4,23,8,7,1,0,8,5,4,0,0,0,0,0,0,6,5,4,0,0,0,0,0,0,0,2,3482,1568115026
1702208950881,sensor-4,145,88,null,0,0,0,30812,0,8,5,4,-9,223,1,7,2,0,8,5,4,0,0,0,0,0,0,8,5,4,0,0,0,0,0,0,0,2,3482,1568115926
1702209850744,sensor-4,146,88,null,0,0,0,30687,0,6,5,4,-9,46,2,7,2,0,6,5,4,0,0,0,0,0,0,6,5,4,0,0,0,0,0,0,0,2,3482,1568116826
1702210750705,sensor-4,147,88,null,0,0,0,30500,0,4,5,4,-1,205,7,7,1,0,7,5,4,0,0,0,0,0,0,6,5,4,0,0,0,0,0,0,0,2,3482,1568117726
1702211651396,sensor-4,148,88,null,0,0,0,30500,0,6,5,4,5,89,5,7,1,0,5,4,3,0,0,0,0,0,0,6,5,4,0,0,0,0,0,0,0,2,3482,1568118626
1702212550852,sensor-4,149,88,null,0,0,0,30375,0,7,5,4,3,214,7,7,1,0,9,5,4,0,0,0,0,0,0,8,5,4,0,0,0,0,0,0,0,2,3482,1568119526
1702213450884,sensor-4,150,88,null,0,0,0,30312,0,8,5,4,0,41,9,7,1,0,6,5,4,0,0,0,0,0,0,7,7,5,0,0,0,0,0,0,0,2,3482,1568120426
1702214351109,sensor-4,151,88,null,0,0,0,30250,0,7,5,4,12,91,5,7,1,0,8,5,4,0,0,0,0,0,0,7,7,5,0,0,0,0,0,0,0,2,3482,1568121326
1702215250867,sensor-4,152,88,null,0,0,0,30125,0,6,5,4,-15,94,8,7,1,0,6,5,4,0,0,0,0,0,0,8,7,5,0,0,0,0,0,0,0,2,3482,1568122226
1702216150924,sensor-4,153,88,null,0,0,0,30062,0,8,5,4,1,87,8,7,2,0,7,5,4,0,0,0,0,0,0,8,5,4,0,0,0,0,0,0,0,2,3482,1568123126
1702217051116,sensor-4,154,88,null,0,0,0,30000,0,6,5,4,-4,258,6,7,1,0,8,5,4,0,0,0,0,0,0,7,7,5,0,0,0,0,0,0,0,2,3482,1568124026
1702217951374,sensor-4,155,88,null,0,0,0,29937,0,5,5,4,2,133,1,7,1,0,8,5,4,0,0,0,0,0,0,7,5,4,0,0,0,0,0,0,0,2,3482,1568124927
1702218850033,sensor-4,156,88,null,0,0,0,29875,0,10,5,4,2,270,7,7,2,0,9,5,4,0,0,0,0,0,0,7,7,5,0,0,0,0,0,0,0,2,3482,1568125826
1702219750139,sensor-4,157,88,null,0,0,0,29875,0,10,5,4,-14,63,4,7,2,0,7,5,4,0,0,0,0,0,0,6,5,4,0,0,0,0,0,0,0,2,3482,1568126726
1702220650209,sensor-4,158,88,null,0,0,0,29750,0,11,5,4,-7,19,13,7,2,0,9,5,4,0,0,0,0,0,0,8,7,5,0,0,0,0,0,0,0,2,3482,1568127626
1702221550023,sensor-4,159,88,null,0,0,0,29687,0,6,5,4,1,322,8,7,1,0,7,5,4,0,0,0,0,0,0,6,5,4,0,0,0,0,0,0,0,2,3482,1568128526
1702222450219,sensor-4,160,88,null,0,0,0,29625,0,6,5,4,-4,46,6,7,2,0,7,5,4,0,0,0,0,0,0,7,5,4,0,0,0,0,0,0,0,2,3482,1568129426
1702223349940,sensor-4,161,88,null,0,0,0,29562,0,5,5,4,4,251,0,7,1,0,7,5,4,0,0,0,0,0,0,6,5,4,0,0,0,0,0,0,0,2,3482,1568130326
1702224250304,sensor-4,162,88,null,0,0,0,29500,0,7,5,4,9,204,5,7,2,0,6,5,4,0,0,0,0,0,0,5,5,4,0,0,0,0,0,0,0,2,3482,1568131226
1702225150194,sensor-4,163,88,null,0,0,0,29437,0,5,5,4,7,0,5,7,1,0,12,5,4,0,0,0,0,0,0,13,7,5,0,0,0,0,0,0,0,2,3482,1568132126
1702226050305,sensor-4,164,88,null,0,0,0,29312,0,11,5,4,12,216,7,7,2,0,7,5,4,0,0,0,0,0,0,7,7,5,0,0,0,0,0,0,0,2,3482,1568133026
1702226950276,sensor-4,165,88,null,0,0,0,29250,0,11,5,4,-9,62,8,7,2,0,9,5,4,0,0,0,0,0,0,7,7,5,0,0,0,0,0,0,0,2,3482,1568133926
1702227850275,sensor-4,166,88,null,0,0,0,29187,0,12,5,4,-15,168,0,7,1,0,9,5,4,0,0,0,0,0,0,8,7,5,0,0,0,0,0,0,0,2,3482,1568134826
1702228750465,sensor-4,167,88,null,0,0,0,29187,0,13,5,4,-14,0,0,7,2,0,6,5,4,0,0,0,0,0,0,8,7,5,0,0,0,0,0,0,0,2,3482,1568135726
1702229650428,sensor-4,168,88,null,0,0,0,29125,0,6,5,4,3,112,7,7,1,0,8,5,4,0,0,0,0,0,0,6,7,5,0,0,0,0,0,0,0,2,3482,1568136627
1702230549372,sensor-4,169,88,null,0,0,0,29125,0,14,5,4,0,39,0,7,2,0,8,5,4,0,0,0,0,0,0,7,7,5,0,0,0,0,0,0,0,2,3482,1568137526
1702231449395,sensor-4,170,88,null,0,0,0,29000,0,12,5,4,-6,179,14,7,2,0,8,5,4,0,0,0,0,0,0,8,7,5,0,0,0,0,0,0,0,2,3482,1568138426
1702232349380,sensor-4,171,88,null,0,0,0,28937,0,12,5,4,-13,301,1,7,2,0,8,5,4,0,0,0,0,0,0,7,7,5,0,0,0,0,0,0,0,2,3482,1568139326
1702233249413,sensor-4,172,88,null,0,0,0,28875,0,9,5,4,-17,171,9,7,1,0,7,5,4,0,0,0,0,0,0,7,7,5,0,0,0,0,0,0,0,2,3482,1568140226
1702234149421,sensor-4,173,88,null,0,0,0,28875,0,12,5,4,0,83,1,7,2,0,9,5,4,0,0,0,0,0,0,6,7,5,0,0,0,0,0,0,0,2,3482,1568141126
1702235049421,sensor-4,174,88,null,0,0,0,28875,0,10,5,4,3,328,4,7,2,0,8,5,4,0,0,0,0,0,0,7,7,5,0,0,0,0,0,0,0,2,3482,1568142026
1702235949095,sensor-4,175,88,null,0,0,0,28875,0,10,5,4,-10,274,9,7,1,0,7,5,4,0,0,0,0,0,0,7,7,5,0,0,0,0,0,0,0,2,3482,1568142926
1702236849351,sensor-4,176,88,null,0,0,0,28875,0,7,5,4,-5,126,4,7,1,0,5,5,4,0,0,0,0,0,0,8,5,4,0,0,0,0,0,0,0,2,3482,1568143826
1702237749460,sensor-4,177,88,null,0,0,0,28812,0,9,5,4,0,109,5,7,1,0,5,5,4,0,0,0,0,0,0,8,7,5,0,0,0,0,0,0,0,2,3482,1568144726
1702238649771,sensor-4,178,88,null,0,0,0,28750,0,10,5,4,1,83,2,7,1,0,6,5,4,0,0,0,0,0,0,7,7,5,0,0,0,0,0,0,0,2,3482,1568145626
1702239549407,sensor-4,179,88,null,0,0,0,28750,0,9,5,4,1,189,9,7,1,0,7,5,4,0,0,0,0,0,0,8,7,5,0,0,0,0,0,0,0,2,3482,1568146526
1702240449478,sensor-4,180,88,null,0,0,0,28750,0,13,5,4,-10,138,7,7,2,0,6,5,4,0,0,0,0,0,0,8,7,5,0,0,0,0,0,0,0,2,3482,1568147426
1702241349627,sensor-4,181,88,null,0,0,0,28750,0,11,5,4,8,306,5,7,2,0,9,5,4,0,0,0,0,0,0,8,7,5,0,0,0,0,0,0,0,2,3482,1568148326
1702242249492,sensor-4,182,88,null,0,0,0,28750,0,10,5,4,5,168,15,7,2,0,8,5,4,0,0,0,0,0,0,6,7,5,0,0,0,0,0,0,0,2,3482,1568149227
1702243148535,sensor-4,183,88,null,0,0,0,28687,0,7,5,4,-7,22,4,7,2,0,6,5,4,0,0,0,0,0,0,6,5,4,0,0,0,0,0,0,0,2,3482,1568150126
1702244048688,sensor-4,184,88,null,0,0,0,28687,0,5,5,4,4,134,5,7,1,0,5,5,4,0,0,0,0,0,0,6,5,4,0,0,0,0,0,0,0,2,3482,1568151026
1702244948488,sensor-4,185,88,null,0,0,0,28687,0,7,5,4,-9,111,-1,7,1,0,6,5,4,0,0,0,0,0,0,7,5,4,0,0,0,0,0,0,0,2,3482,1568151926
1702245848643,sensor-4,186,88,null,0,0,0,28687,0,6,5,4,-7,45,4,7,2,0,6,5,4,0,0,0,0,0,0,6,5,4,0,0,0,0,0,0,0,2,3482,1568152826
1702246748627,sensor-4,187,88,null,0,0,0,28687,0,8,5,4,-13,173,3,7,2,0,6,5,4,0,0,0,0,0,0,9,7,5,0,0,0,0,0,0,0,2,3482,1568153726
1702247648669,sensor-4,188,88,null,0,0,0,28625,0,5,5,4,2,90,-3,7,1,0,5,5,4,0,0,0,0,0,0,6,5,4,0,0,0,0,0,0,0,2,3482,1568154626
1702248548586,sensor-4,189,88,null,0,0,0,28625,0,6,5,4,0,92,9,7,1,0,5,5,4,0,0,0,0,0,0,6,5,4,0,0,0,0,0,0,0,2,3482,1568155526
1702249448700,sensor-4,190,88,null,0,0,0,28625,0,6,5,4,-3,44,6,7,1,0,7,5,4,0,0,0,0,0,0,8,5,4,0,0,0,0,0,0,0,2,3482,1568156426
1702250348805,sensor-4,191,88,null,0,0,0,28625,0,5,5,4,-17,136,0,7,1,0,6,5,4,0,0,0,0,0,0,7,5,4,0,0,0,0,0,0,0,2,3482,1568157326
1702251248657,sensor-4,192,88,null,0,0,0,28625,0,7,5,4,-7,304,0,7,1,0,7,5,4,0,0,0,0,0,0,7,5,4,0,0,0,0,0,0,0,2,3482,1568158226
1702252148620,sensor-4,193,88,null,0,0,0,28562,0,5,5,4,1,188,10,7,1,0,5,5,4,0,0,0,0,0,0,7,5,4,0,0,0,0,0,0,0,2,3482,1568159126